type,name,module,path,hash
"yaml","manifest","_config","_config/manifest.yaml","8004fd91de63fae9958ee14fe7cb30ffc6dd592c352bd246e0b0fc6d05f1cf2b"
"csv","module-help","bmm","bmm/module-help.csv","fe1f3c778d5d909d5858e0d13f2a7d4d18f40180de05a3c4fa7a5470dabeb945"
"html","validation-report-template","bmm","bmm/plan/bmad-prd/assets/validation-report-template.html","a80becdd8205d2d7c18738855830b096172a496b96b5ca8a0820ec55c9bb8bf9"
"html","validation-report-template","bmm","bmm/plan/bmad-ux/assets/validation-report-template.html","8656945636fabe96624f8ef8fce931b073b5aecbe42d490584c1d5c7f31e1353"
"json","bmad-manifest","bmm","bmm/plan/bmad-prfaq/bmad-manifest.json","9d91d2ae277b87bdfb8785df6a660788743c5cdf98cbd9fcf88c29f957324709"
"md","acceptance-verdict","bmm","bmm/ship/bmad-retrospective/references/acceptance-verdict.md","09a65007c39af83e01e039331c252e6e670b134cd5e2a4b5e05ac9d9fb7e37f1"
"md","aggregate-views","bmm","bmm/ship/bmad-retrospective/references/aggregate-views.md","5b278afce4a53692d8715b4af178e4233da0876921dc3154b5763d056cb5ff0b"
"md","artifact-analyzer","bmm","bmm/plan/bmad-prfaq/agents/artifact-analyzer.md","7bdc44830f8d593346ec0ee15e36e1e431432fcc6c38b70bb861999315c9cfa4"
"md","best-practices","bmm","bmm/plan/bmad-project-context/references/best-practices.md","ded4ad303ea7a62c2c55a8673085cb4deeaf8306a68ebcc09fa2c308589fbf9b"
"md","brief-template","bmm","bmm/plan/bmad-product-brief/assets/brief-template.md","bb28edf75d023067551c8d417b19b8803324e7acfb2ad0c80f882e9134f4c1f1"
"md","checklist","bmm","bmm/ship/bmad-correct-course/checklist.md","3e082b95def90ccb876e3101ce0bbaf797a0f03a9471e1347361897f27977327"
"md","checklist","bmm","bmm/ship/bmad-qa-generate-e2e-tests/checklist.md","b58f810aeb1040c2f6758c88aa133afce72f8cc178d3d97ff0fbaa3d943057dc"
"md","checklist","bmm","bmm/v6-shims/bmad-create-story/checklist.md","b94e28e774c3be0288f04ea163424bece4ddead5cd3f3680d1603ed07383323a"
"md","checklist","bmm","bmm/v6-shims/bmad-dev-story/checklist.md","630b68c6824a8785003a65553c1f335222b17be93b1bd80524c23b38bde1d8af"
"md","color-themes","bmm","bmm/plan/bmad-ux/assets/color-themes.md","ccb6e4ef47a196476cf9392d788938ad3ca8d07b9ce095b7c092dcb4e06735f0"
"md","compile-epic-context","bmm","bmm/ship/bmad-build/compile-epic-context.md","6793b15ae85766cee529e6b349e45f2c6ec9e3212019611c29e8c77b4dc4b924"
"md","compile-epic-context","bmm","bmm/ship/bmad-build-auto/compile-epic-context.md","64d13b41974cfa0dfc1de64b6fbd8365e9b99f91c7c98f0ee1a9fbd018f324ca"
"md","creative-tools","bmm","bmm/plan/bmad-ux/references/creative-tools.md","e281292d7c0fdecdbb67ca9b7d95d4bed803626ba5edfd8dcc99146fcaa118e6"
"md","customer-faq","bmm","bmm/plan/bmad-prfaq/references/customer-faq.md","96f8565197649c58908a1d61b6cd805fd01f57da7945ba889c18d087ad597aeb"
"md","deletion-check","bmm","bmm/ship/bmad-build/references/deletion-check.md","0f1f124e4e957147e89164a272b10bedc694ad0d9ad2618c8610ac74ee9cb0da"
"md","deletion-check","bmm","bmm/ship/bmad-build-auto/references/deletion-check.md","0f1f124e4e957147e89164a272b10bedc694ad0d9ad2618c8610ac74ee9cb0da"
"md","deletion-check","bmm","bmm/ship/bmad-code-review/references/deletion-check.md","0f1f124e4e957147e89164a272b10bedc694ad0d9ad2618c8610ac74ee9cb0da"
"md","design-directions","bmm","bmm/plan/bmad-ux/assets/design-directions.md","eab73b948da76a27abc908e1e7d6b124e8ff0362e6dd1990f7e60b9541cbcb98"
"md","design-example-editorial","bmm","bmm/plan/bmad-ux/assets/design-example-editorial.md","a659166845b1a4ed3f9aef942c5935537a97382b10303684fbb78ed86265870e"
"md","design-example-mobile","bmm","bmm/plan/bmad-ux/assets/design-example-mobile.md","a93fb9f114f2e83af0c961c0d7909b3859fc80bcd713715517cd639a53a0372a"
"md","design-example-shadcn","bmm","bmm/plan/bmad-ux/assets/design-example-shadcn.md","25e0dfb2bb21483973a8f0a6ed650288b3dc2ae5ed02aa0f091bb9b6b0b39fc0"
"md","design-md-spec","bmm","bmm/plan/bmad-ux/references/design-md-spec.md","d04d5f663607aba3f3181e818ae33856e6caf5e560dcb16fa64ed80b7cf3d590"
"md","discover-inputs","bmm","bmm/v6-shims/bmad-create-story/discover-inputs.md","dfedba6a8ea05c9a91c6d202c4b29ee3ea793d8ef77575034787ae0fef280507"
"md","edge-case-hunter","bmm","bmm/ship/bmad-build/review-prompts/edge-case-hunter.md","4ccb3599ed1b8cc54876b304dc567d1b4e3e0ec5c1add34df9a2445224ac77af"
"md","edge-case-hunter","bmm","bmm/ship/bmad-build-auto/review-prompts/edge-case-hunter.md","4ccb3599ed1b8cc54876b304dc567d1b4e3e0ec5c1add34df9a2445224ac77af"
"md","edge-case-hunter","bmm","bmm/ship/bmad-code-review/review-prompts/edge-case-hunter.md","4ccb3599ed1b8cc54876b304dc567d1b4e3e0ec5c1add34df9a2445224ac77af"
"md","epics-template","bmm","bmm/plan/bmad-create-epics-and-stories/templates/epics-template.md","a804f740155156d89661fa04e7a4264a8f712c4dc227c44fd8ae804a9b0f6b72"
"md","evidence-gathering","bmm","bmm/ship/bmad-retrospective/references/evidence-gathering.md","575bace78d7c03c48d86a209dd664f7dd22295a222b75e6d6298894cb7b7ce00"
"md","excalidraw-wireframe","bmm","bmm/plan/bmad-ux/assets/excalidraw-wireframe.md","660bbcdebff50cd044a3752eda43f3cb303aca4b0f521b55a270da93b89ddb18"
"md","experience-example-mobile","bmm","bmm/plan/bmad-ux/assets/experience-example-mobile.md","f8cd54c92193cd8c34a472df9c212ac7330976f6a115b729721dcb60034dc4f0"
"md","experience-example-shadcn","bmm","bmm/plan/bmad-ux/assets/experience-example-shadcn.md","d6ca16e87b768e8b41f352c02ee08af21d7cdac04ca21e6ae1556864b4d27590"
"md","fix-sprint-status","bmm","bmm/plan/bmad-sprint-planning/references/fix-sprint-status.md","0406c31b70da33e2a354d9785f43d8f9918f4b923d0aac2ebd1e3707ebad5806"
"md","generate-tracking","bmm","bmm/plan/bmad-sprint-planning/references/generate-tracking.md","4dbf7aca26d0e6e893f288fc5e6158dbbcd65f77bbaf95e941ca705abceb1741"
"md","generate-trail","bmm","bmm/ship/bmad-checkpoint-preview/generate-trail.md","4a5936d86fbe5a85285b4535097b1e2edda8849da35586f4b588a982d7224459"
"md","headless","bmm","bmm/plan/bmad-architecture/references/headless.md","4db2708f335c94cb024b5eba022b1e3d88b1ec61c94c4716626d9b89684f5833"
"md","headless","bmm","bmm/plan/bmad-prd/references/headless.md","4dad58ebee63933a53179016513ff94d143ce9f68e226489d390e2c36bf1d848"
"md","headless","bmm","bmm/plan/bmad-ux/references/headless.md","8da7e23d269b1644f45b5104a243a6a27fd8d075aebb95d9b7752f0d143f0f5d"
"md","headless-schemas","bmm","bmm/plan/bmad-prd/assets/headless-schemas.md","8d3621333a72400512bd62511bc4c73fc745711505e1f852c697ff8c5fa2de93"
"md","headless-schemas","bmm","bmm/plan/bmad-spec/assets/headless-schemas.md","83afb3614716db2347d83586a67b9c524492dd50db5282436ccb35c99fb5f08a"
"md","headless-schemas","bmm","bmm/plan/bmad-ux/assets/headless-schemas.md","e3a773dde85286f1a6f6dd8b26fc17e09ccea96f6257dfe7fb436353cd79242d"
"md","internal-faq","bmm","bmm/plan/bmad-prfaq/references/internal-faq.md","26eb83f844cda1ed8efb50f4703d61713ada8a64bd27eb387f759f858b5748de"
"md","key-screens","bmm","bmm/plan/bmad-ux/assets/key-screens.md","ff1c5060673dd595edd61e76806bae876264ec6895c2eaadf8a6190785bf5f7b"
"md","prd-template","bmm","bmm/plan/bmad-prd/assets/prd-template.md","b6fe8fc1390b8e46961d5eb5e6f2fe6c65dca2f30623d492677672e02868f7ab"
"md","prd-validation-checklist","bmm","bmm/plan/bmad-prd/assets/prd-validation-checklist.md","41d9f09064772a92ec908d970618e47ba63dc86b5c5a1a21d5a2c676d3ba8e3f"
"md","press-release","bmm","bmm/plan/bmad-prfaq/references/press-release.md","c406adb0e2d2cc326cbc45d0174f89d014523448ad82bc272293999d22aec596"
"md","prfaq-template","bmm","bmm/plan/bmad-prfaq/assets/prfaq-template.md","b27e6964f0437ab4e78c8c0ffbe5052c28e3b3ef2fc811726cbb394d5a5c7559"
"md","readiness-gate","bmm","bmm/plan/bmad-sprint-planning/references/readiness-gate.md","7d58ea61fafe3c1d8218203abc7512e322ca384c78d9e71829df55dfabe1245b"
"md","README","bmm","bmm/v6-shims/README.md","05315a8e369f5ebb9e615c1a33fd2b3f85eb92a9455c974cdc7ec7d3ea0d10bf"
"md","retro-document","bmm","bmm/ship/bmad-retrospective/references/retro-document.md","de8164664cd2be7f73b8ba5552e9e0f58816d2a7c4be8efc7715461846bb7001"
"md","reviewer-gate","bmm","bmm/plan/bmad-architecture/references/reviewer-gate.md","d32e32a3c1d59b5612b947004f3f6fef1117a13ce9f1ffa428d616e0b5d4db69"
"md","SKILL","bmm","bmm/agents/bmad-agent-analyst/SKILL.md","99c72ea74b833743a71a8e3c54369348530525edcfae43da2d267ec27cefc8ff"
"md","SKILL","bmm","bmm/agents/bmad-agent-architect/SKILL.md","72a542f7cd34ebf844c26431be564040824f0c16cf060b8795eff2c9e019f003"
"md","SKILL","bmm","bmm/agents/bmad-agent-dev/SKILL.md","b980cf2c99976b5e1bd53128dc7b56bdd181ac39a57098d9b5a6bf0692db2675"
"md","SKILL","bmm","bmm/agents/bmad-agent-pm/SKILL.md","7b84234262e749f22fe31032124024c8c4283ba55294916b2ec67917a3bb9fb5"
"md","SKILL","bmm","bmm/agents/bmad-agent-ux-designer/SKILL.md","2ba39678706fd536a98f7afcbb3d85c3b74e24bdb86a191b330fcd7fd7e64c03"
"md","SKILL","bmm","bmm/plan/bmad-architecture/SKILL.md","b3d8c6e5024cb9747ef1659cec8109f5bb797fd1760338e65237bb084b60fcdc"
"md","SKILL","bmm","bmm/plan/bmad-create-epics-and-stories/SKILL.md","6b27b0730c61309190eb7c9c84ae98b11cbfe7187941ef88f45ddc8ded850c04"
"md","SKILL","bmm","bmm/plan/bmad-generate-project-context/SKILL.md","8cc66337d465bb088831d8973a25cfb4374f1a3427638cc2fb553fad29d08f12"
"md","SKILL","bmm","bmm/plan/bmad-prd/SKILL.md","5c220a51dc6f25499b7f18c7104a0a981dc3d721aa63d0fba88ec3de32c3fbde"
"md","SKILL","bmm","bmm/plan/bmad-prfaq/SKILL.md","042611ccabfdab1254e6591f6b86f81f332acb874fc2d148af5ac6dcd5a1c726"
"md","SKILL","bmm","bmm/plan/bmad-product-brief/SKILL.md","4c15a8ec688c998eeb71957f208b5953b1ac7a5641b008b3509f1f4fcdc8e6cd"
"md","SKILL","bmm","bmm/plan/bmad-project-context/SKILL.md","1a276f306ed76f98ad2b04864cfe365426420d33438879ea4f0705c2a013324c"
"md","SKILL","bmm","bmm/plan/bmad-spec/SKILL.md","5b5680dbf01dbfc5b4a5485e70f20ea48ac21a1d6137c4ea2ff704262dcc45d2"
"md","SKILL","bmm","bmm/plan/bmad-sprint-planning/SKILL.md","6ed5dd51be5d6a807c7e6af0542bff609fe69e84b67025ed7aa3fd9ae1ccb36d"
"md","SKILL","bmm","bmm/plan/bmad-ux/SKILL.md","6475c8171bf7346964234bd35994b9d5518102dc245768c660e4dacd1e6b50fd"
"md","SKILL","bmm","bmm/ship/bmad-build/SKILL.md","bce4778d8d275095ca1836733337163c1bf11a5a62e6585b951de458a5ac2c8e"
"md","SKILL","bmm","bmm/ship/bmad-build-auto/SKILL.md","ea6931f8210e92f7d9cfb845040d557d4d8c02eced3acc3d77bd2fcc4fffc235"
"md","SKILL","bmm","bmm/ship/bmad-checkpoint-preview/SKILL.md","fbc932defc41c7d9ffd107dbbccc296854b2ece76d95e9712e19d24f0a4c3606"
"md","SKILL","bmm","bmm/ship/bmad-code-review/SKILL.md","1ba6481b28c7e4b2ea0b1447e9011a9cac3ef51fdf957d09050606d2d16b196b"
"md","SKILL","bmm","bmm/ship/bmad-correct-course/SKILL.md","507394a758e297152a806fe5529ecc54c6c2725c951bdcbbdb250622a83fa820"
"md","SKILL","bmm","bmm/ship/bmad-qa-generate-e2e-tests/SKILL.md","4aad390d3f063efb8783637a0f72b993135ec2acb810693d3146a161172057c8"
"md","SKILL","bmm","bmm/ship/bmad-retrospective/SKILL.md","8da5b53055afa76cf88135f186d35a6cb95bab1096ed96022354846dc788d26a"
"md","SKILL","bmm","bmm/v6-shims/bmad-create-architecture/SKILL.md","2d199970238a7f415aa4b9224ec01f296b4b3ee7b399f75092ed8bdd3e414be1"
"md","SKILL","bmm","bmm/v6-shims/bmad-create-prd/SKILL.md","fa8cc47fff80a19446057b0469e79ea65973ceccb71e96079bf734b34699eb69"
"md","SKILL","bmm","bmm/v6-shims/bmad-create-story/SKILL.md","bea46d2823aded992d90a8d6d684f7c67c0865478b01c1443ba4c3eac04bbd28"
"md","SKILL","bmm","bmm/v6-shims/bmad-dev-auto/SKILL.md","1c056c69a17043bfb4b80f9e42a8ec8338fc6fa47c6ae8d5cf53f8a326966b4a"
"md","SKILL","bmm","bmm/v6-shims/bmad-dev-story/SKILL.md","8f9baf6a4643a3e9b307864eceed5aa9ddfe4e325226d70b78e0c85908ab7d5d"
"md","SKILL","bmm","bmm/v6-shims/bmad-document-project/SKILL.md","c4a09a6dc3aaaf90e12e1467b48a37416820ff351316a4eda7cda826dbb7fbd7"
"md","SKILL","bmm","bmm/v6-shims/bmad-domain-research/SKILL.md","6c873cdb44ed6444c2abfb335ad7af474fda56f4ba62c1c9c7cff42d9a243cd4"
"md","SKILL","bmm","bmm/v6-shims/bmad-edit-prd/SKILL.md","26448c4017c09ad8defa8525d9517ce681bb50222320517eaa635fa0f31989f9"
"md","SKILL","bmm","bmm/v6-shims/bmad-market-research/SKILL.md","b52667b85bee97ff23dd02532a2f286c72e63fd14b1afaedd6592de4d6112df6"
"md","SKILL","bmm","bmm/v6-shims/bmad-quick-dev/SKILL.md","23bb1434e03693152311b8e79570bb8a042eb39f57615cc4d0df15b72f29b113"
"md","SKILL","bmm","bmm/v6-shims/bmad-sprint-status/SKILL.md","95e695ce9665c6b3d617d41b0581bc30de6288263609a910559a97b26eb49e78"
"md","SKILL","bmm","bmm/v6-shims/bmad-technical-research/SKILL.md","d8e6177fc03c3d815642bdf6b54b83ef37874e73118d89112f155dbda14afbfa"
"md","SKILL","bmm","bmm/v6-shims/bmad-validate-prd/SKILL.md","16bff9ed7ec003add9c56818575f613380925782bd4ef0cc0804ed34a074eeaf"
"md","spec-template","bmm","bmm/plan/bmad-spec/assets/spec-template.md","4b3a032c045fdd0903933446fc07f93e879997f28a0294ed4344da71192b20ee"
"md","spec-template","bmm","bmm/ship/bmad-build/spec-template.md","68d0e3b9acaa0c22ab3b0dd1dbce9d8ef9b4d16637ed5e6fbd5244528732943e"
"md","spec-template","bmm","bmm/ship/bmad-build-auto/spec-template.md","5fccfa92dd632d4be646ab40f2882452189aba49db57fe3fa00fcc1806666d74"
"md","spine-template","bmm","bmm/plan/bmad-architecture/assets/spine-template.md","ef4ff795624eb5439fae54a06edb389feb5a0cf79cb01ae007af51109335d198"
"md","status-view","bmm","bmm/plan/bmad-sprint-planning/references/status-view.md","c3547e221ebf6e55c874e2ada3e8c18198835213c76f0bb2e0e64150aac355ab"
"md","step-01-clarify-and-route","bmm","bmm/ship/bmad-build/step-01-clarify-and-route.md","0a3afcde2b1d4475250896f132fd8839cf442b3364ebfbeeace5a489042c7c7f"
"md","step-01-clarify-and-route","bmm","bmm/ship/bmad-build-auto/step-01-clarify-and-route.md","7480db7720720212bd045793fddcb91f06091fe512e53b38127f6440c3fd96e2"
"md","step-01-gather-context","bmm","bmm/ship/bmad-code-review/steps/step-01-gather-context.md","3f5a74d63a91fb385d33786b78d09bb9bca483b1ac45933b9715c9fb79b79e9d"
"md","step-01-orientation","bmm","bmm/ship/bmad-checkpoint-preview/step-01-orientation.md","d9e3b949c36d49a025f3535773af2b51888fe4ce616b6d6d69683a122716b1d2"
"md","step-01-validate-prerequisites","bmm","bmm/plan/bmad-create-epics-and-stories/steps/step-01-validate-prerequisites.md","7181608c1ee4e55c084c6627d68fc55a8a0b6917e489f8ac77531a0530428a30"
"md","step-02-design-epics","bmm","bmm/plan/bmad-create-epics-and-stories/steps/step-02-design-epics.md","7c66987808c1f84e853fe54b7aff26d209196d450b5644704110f124a15179bc"
"md","step-02-plan","bmm","bmm/ship/bmad-build/step-02-plan.md","d90db50ca7a679dd42f7d1587a909d0579f24480b116d6ed82b4c7d4fe9bea66"
"md","step-02-plan","bmm","bmm/ship/bmad-build-auto/step-02-plan.md","a08e303c10f88dbfce88c55044757ec5059afe338793eb414e1ddb0b7c324625"
"md","step-02-review","bmm","bmm/ship/bmad-code-review/steps/step-02-review.md","3d146c060e838413f1262211cc58b06eeee1a9a86b8997efd83d0dc8c03cfa60"
"md","step-02-walkthrough","bmm","bmm/ship/bmad-checkpoint-preview/step-02-walkthrough.md","66cf893f8f968ee81034e9ccd8c20415692c3a8c23a9a143c2245fe6c800acdc"
"md","step-03-create-stories","bmm","bmm/plan/bmad-create-epics-and-stories/steps/step-03-create-stories.md","c5b787a82e4e49ed9cd9c028321ee1689f32b8cd69d89eea609b37cd3d481afc"
"md","step-03-detail-pass","bmm","bmm/ship/bmad-checkpoint-preview/step-03-detail-pass.md","d48163b9f305f15af57729a8443142e47beb6c3e977554afe12b39ee49cb9fc0"
"md","step-03-implement","bmm","bmm/ship/bmad-build/step-03-implement.md","3b77ca64380b2989016191f488311ff392df0ebf4f641b9898d02b01767a646f"
"md","step-03-implement","bmm","bmm/ship/bmad-build-auto/step-03-implement.md","f3e427c6033a26adcc327e4367db38c619527858a1175b148ec5a6f53d1bb408"
"md","step-03-triage","bmm","bmm/ship/bmad-code-review/steps/step-03-triage.md","46a9e661e8aed6a7347cd7bc0b3f7edd8e4bffcfc96b2e15895f7a8ce2517d70"
"md","step-04-final-validation","bmm","bmm/plan/bmad-create-epics-and-stories/steps/step-04-final-validation.md","5f6033e26ed06e070dcfcefb47d648b5a266012aaed7d53f028ab3f2c0542d20"
"md","step-04-present","bmm","bmm/ship/bmad-code-review/steps/step-04-present.md","08baa98dae5e3bd70f211d1d3ce42f14e25030f4d6b17fc18e8635644847850c"
"md","step-04-review","bmm","bmm/ship/bmad-build/step-04-review.md","bcf300e2faaf413afe1a25498284baabba09681bca089e615530d0b9dc5cee72"
"md","step-04-review","bmm","bmm/ship/bmad-build-auto/step-04-review.md","8e9ff909192e1d5d50f9fc071c4b5eb8830cc921200d423904a30dadca58c3e9"
"md","step-04-testing","bmm","bmm/ship/bmad-checkpoint-preview/step-04-testing.md","28a56e868968ea2d18add0df8c4bccced0f94b698e218df3d45ddac072ce369c"
"md","step-05-present","bmm","bmm/ship/bmad-build/step-05-present.md","81e80f3fd38f8e3049afe9daf41783b86b00ac22544f7f36bd430496a12d8e46"
"md","step-05-wrapup","bmm","bmm/ship/bmad-checkpoint-preview/step-05-wrapup.md","b1f04d64f0c9c9e4c051ebdd81eee1083d60c6aaca96bb5d3d85e0cbeca0143e"
"md","step-oneshot","bmm","bmm/ship/bmad-build/step-oneshot.md","e75505130a2fcc49cd71dfb36c92e76255d39fdfe8d4f735c7c9276e2917cb8a"
"md","stories-schema","bmm","bmm/plan/bmad-spec/assets/stories-schema.md","4f8137c00e2710288354a4466d1cfb90704f4b2a04bd3b63924218fd589cc6a9"
"md","sync-sprint-status","bmm","bmm/ship/bmad-build/sync-sprint-status.md","6c9e2ec17245d2dcb796bd9a36997371a20db8e579a2f803d16064e3bc36c40b"
"md","team-discussion","bmm","bmm/ship/bmad-retrospective/references/team-discussion.md","a9c504c436038c7e47d08322413aa3c213d2859b36ae30e873cb8c60fd9e008e"
"md","template","bmm","bmm/plan/bmad-project-context/references/template.md","c8b9a1fc165996614504bb9c90c5b1c6c808a8d483e36a4d250d79f62fda6fa1"
"md","template","bmm","bmm/v6-shims/bmad-create-story/template.md","29ba697368d77e88e88d0e7ac78caf7a78785a7dcfc291082aa96a62948afb67"
"md","validate","bmm","bmm/plan/bmad-prd/references/validate.md","19b2fa66d58cb4fef3d920cd09c81f8add4ee44dd4191bec87eaba84c2093338"
"md","validate","bmm","bmm/plan/bmad-sprint-planning/references/validate.md","ac680fa0a0f945a9bc0fc89ca709b2a8e6bc3b2617cd0d3d730378c4b5edd86d"
"md","validate","bmm","bmm/plan/bmad-ux/references/validate.md","7c2189d9ac1585d9408b6ed0346ba564869e7db89dba8f81044db3431cfcee65"
"md","verdict","bmm","bmm/plan/bmad-prfaq/references/verdict.md","81c06748ae2cb8e191cd282ecff83bea79532512c994fd4fffbf12c56be58a13"
"md","verification-gap","bmm","bmm/ship/bmad-build/review-prompts/verification-gap.md","11b6bbbd4e3426a25cca81229c98971e5f20ce99638940c47c9c1484011b457a"
"md","verification-gap","bmm","bmm/ship/bmad-build-auto/review-prompts/verification-gap.md","11b6bbbd4e3426a25cca81229c98971e5f20ce99638940c47c9c1484011b457a"
"md","verification-gap","bmm","bmm/ship/bmad-code-review/review-prompts/verification-gap.md","11b6bbbd4e3426a25cca81229c98971e5f20ce99638940c47c9c1484011b457a"
"md","web-researcher","bmm","bmm/plan/bmad-prfaq/agents/web-researcher.md","6e9127bb9bd3e4b15c701e4ced9eef328769262cd34eadc221bebe954c1f3aef"
"md","workflow","bmm","bmm/ship/bmad-build/workflow.md","481ff00ef349a9c7845feca02bbfd5722b1e318ccabac858355da6c90c2d8a39"
"md","workflow","bmm","bmm/ship/bmad-build-auto/workflow.md","f5f538a647b2a09406b11337244d1bd74fe97e7fa85b58a990184fcb480bfd90"
"py","git_evidence","bmm","bmm/ship/bmad-retrospective/scripts/git_evidence.py","6e08688d2943217b61e784c7df3508aa1502d7cecf53ea7cd530944c431c91b6"
"py","lint_spine","bmm","bmm/plan/bmad-architecture/scripts/lint_spine.py","040e0f1c13d31e6a21c518df943d1d7de7b75d8d98a07603b0983f3f3fb500db"
"py","sprint_plan","bmm","bmm/plan/bmad-sprint-planning/scripts/sprint_plan.py","4c30f62c261599fc1da3fd319ea6ce5092aa0332221cedee1763a1040627e6bc"
"py","sprint_status","bmm","bmm/ship/bmad-retrospective/scripts/sprint_status.py","a697eecd53cd9177657aee4cfdb2eab06d7d81f3e855b096cfe0482a74c50ebe"
"py","test_git_evidence","bmm","bmm/ship/bmad-retrospective/scripts/tests/test_git_evidence.py","0abfc8fad338830fc2db656d3ccc500631b0ea7a2ab87d853c13a6bbd46ff13c"
"py","test_lint_spine","bmm","bmm/plan/bmad-architecture/scripts/tests/test_lint_spine.py","e86bb9a62c5cca74ddc89c843386f2b992610fcc1792d40e03bc9cd445b77681"
"py","test_sprint_plan","bmm","bmm/plan/bmad-sprint-planning/scripts/tests/test_sprint_plan.py","f1c3b640e156946b0a234e233807b2a3983cb0d3f2d13dbb9830fbe0c67e5238"
"py","test_sprint_status","bmm","bmm/ship/bmad-retrospective/scripts/tests/test_sprint_status.py","23da16cca54904a256fcf88fd8f912c3f6091ea343768c241bbd2aeebbca2af3"
"pyc","sprint_plan.cpython-311","bmm","bmm/plan/bmad-sprint-planning/scripts/__pycache__/sprint_plan.cpython-311.pyc","c92c8bd560b76b970c88ec2e3b18c6611f423ca91ffe6f741348ea94e04da61d"
"pyc","sprint_status.cpython-311","bmm","bmm/ship/bmad-retrospective/scripts/__pycache__/sprint_status.cpython-311.pyc","a1f809abad01386d1342d3a70df401ced7c1de42c94133b65422ad3f2b2f382b"
"pyc","test_git_evidence.cpython-311-pytest-9.1.1","bmm","bmm/ship/bmad-retrospective/scripts/tests/__pycache__/test_git_evidence.cpython-311-pytest-9.1.1.pyc","bd1ab9d967e7e77c9a734640a64e5c0282e6ce4a53a6b0956cc54f4cefd25770"
"pyc","test_sprint_plan.cpython-311-pytest-9.1.1","bmm","bmm/plan/bmad-sprint-planning/scripts/tests/__pycache__/test_sprint_plan.cpython-311-pytest-9.1.1.pyc","640ded70adc12c995a3b92680a44ad9b679ca80bce6b0ae03f70e17a19aa5ae8"
"pyc","test_sprint_status.cpython-311-pytest-9.1.1","bmm","bmm/ship/bmad-retrospective/scripts/tests/__pycache__/test_sprint_status.cpython-311-pytest-9.1.1.pyc","9f3cb3413808cd73dbdd619051b624482d7b5ce1359d2d549310e7b5434c0c55"
"toml","customize","bmm","bmm/agents/bmad-agent-analyst/customize.toml","9b3e94d90784bbb24ab2c8f0563aaece48aa317554622750538e6c0e14478b37"
"toml","customize","bmm","bmm/agents/bmad-agent-architect/customize.toml","82f0f082935f56e6fde41b007440edaa04984eb23abf26a3be7b1442baf0047a"
"toml","customize","bmm","bmm/agents/bmad-agent-dev/customize.toml","f3f107f11f150f62091a792fcdf224dbf8d6c351d24e2b1d08aabb077e655feb"
"toml","customize","bmm","bmm/agents/bmad-agent-pm/customize.toml","086d498b0e3d0c5dd193f8347ba30fdc93efcb57bbdfaff21fb0b418dba81ba8"
"toml","customize","bmm","bmm/agents/bmad-agent-ux-designer/customize.toml","3df7da44945f9df34dbb3a64de086c756e6c298e73078e388e8f9a4f57cbf7ab"
"toml","customize","bmm","bmm/plan/bmad-architecture/customize.toml","a6bb60a3adf976031f2870203285b1fc7a56e71e21232cd23bba544b178b5f15"
"toml","customize","bmm","bmm/plan/bmad-create-epics-and-stories/customize.toml","da9e43605bc6aec83173050b5d37ede6aebfa9a17c5959a5029681d73e744ba3"
"toml","customize","bmm","bmm/plan/bmad-prd/customize.toml","7f9a3a3503a3f758003ce2f1de59c31cc53658223e355fc76055f3140ef34e90"
"toml","customize","bmm","bmm/plan/bmad-prfaq/customize.toml","8994f925bab65bd310e5ab38781286b6137f3e0c9e89f3ab8a2f480eb05e0de5"
"toml","customize","bmm","bmm/plan/bmad-product-brief/customize.toml","50abc46f7c2e7cc7b02e2edc4aa6a237a46ea49dcc6781da5b42bd8968de39ab"
"toml","customize","bmm","bmm/plan/bmad-project-context/customize.toml","9bf8a3aa919832cd8932853da550fcaebd06a9e13c0cde453f4379d8327f9c0f"
"toml","customize","bmm","bmm/plan/bmad-spec/customize.toml","a89e0f53f9b6386c281dd0158a21801a6b16f122085fd68b0220cd403c18f830"
"toml","customize","bmm","bmm/plan/bmad-sprint-planning/customize.toml","f7bde2f792e8604f26122ee792c5493e270710296044b07680db7d90e886caf3"
"toml","customize","bmm","bmm/plan/bmad-ux/customize.toml","61f8bfbb020beb159b8da570ed416b02ec4a9ba3709aa0d08b417648d85328d8"
"toml","customize","bmm","bmm/ship/bmad-build/customize.toml","68a0134f3f9e7f4a7b077aa2dcca1c68f208701d3487482e84afbee8717efec6"
"toml","customize","bmm","bmm/ship/bmad-build-auto/customize.toml","eb0b39a3e24e86e9dbca98506c8384ec452c539acb690063cabab4385c82f09a"
"toml","customize","bmm","bmm/ship/bmad-checkpoint-preview/customize.toml","1a1e0c3a8914adda3cec925eed51287e067c7f84120de64a8df53348e7b77de5"
"toml","customize","bmm","bmm/ship/bmad-code-review/customize.toml","4f50371c61dea41c100b137e3d2ac750b4e55bb3be55e5a62c77f527dae22f94"
"toml","customize","bmm","bmm/ship/bmad-correct-course/customize.toml","78095d25afb5b2d4844956f61e9ac640a62d0245174fab9406e9c289f33fd84b"
"toml","customize","bmm","bmm/ship/bmad-qa-generate-e2e-tests/customize.toml","04a99926b2d79318b927434c7344dc666f143026ed99c7fcc0d6e3d68263ae66"
"toml","customize","bmm","bmm/ship/bmad-retrospective/customize.toml","ff6fdda35fa4b7d9c2dcb4ffc3e06e56de9a588d4e4e6908379bc16a904d4225"
"toml","customize","bmm","bmm/v6-shims/bmad-create-architecture/customize.toml","618be49b0286f18dfb4b6bac3d96bf1cf062994fa5278cd327be9898e651b43c"
"toml","customize","bmm","bmm/v6-shims/bmad-create-prd/customize.toml","0c990af4c0a755402abbef893850bd542744a8b6f36c0587c9f3fb6dab6bf5e7"
"toml","customize","bmm","bmm/v6-shims/bmad-create-story/customize.toml","1204f6de064436922f2813069778eb4eaa5f1f945aa8ea5a5ffb87897a2ba8fe"
"toml","customize","bmm","bmm/v6-shims/bmad-dev-story/customize.toml","baba9f07f653063aa94981f1413d5dd4f604931077fbfb04d9c2e397f8d33237"
"toml","customize","bmm","bmm/v6-shims/bmad-edit-prd/customize.toml","35cc2dfb3eda73a0ae4dc987cac58867b25c43ce5c5a1bf552e215826ede6c22"
"toml","customize","bmm","bmm/v6-shims/bmad-sprint-status/customize.toml","96261fd227befaa4685b0a5091d3e85299d4ae8e4404176b42f5ef2e2fb501bd"
"toml","customize","bmm","bmm/v6-shims/bmad-validate-prd/customize.toml","bfb3c8af5b81b2cdb9bb84f844f1b0dafc40d8c283effa6ad48db966b9446cef"
"yaml","config","bmm","bmm/config.yaml","041eec6e63cb61158384b1a31760e6862b5a663fe8bb9a91e76282fe99075ff7"
"yaml","sprint-status-template","bmm","bmm/plan/bmad-sprint-planning/sprint-status-template.yaml","64b1a937e1fe03b8b8d158e3b1caeb89e7d51692a56c16038e2af091decc553a"
"yaml","sprint-status-template","bmm","bmm/ship/bmad-retrospective/scripts/tests/fixtures/sprint-status-template.yaml","64b1a937e1fe03b8b8d158e3b1caeb89e7d51692a56c16038e2af091decc553a"
"toml","config","config.toml","config.toml","b6fd9ade1804250c8db84699a38760d2f570c0b0e38e23c5a06a0953656d7aa0"
"toml","config.user","config.user.toml","config.user.toml","f12284dd03a9217c91e4b2d8050619b09b1092d2e235094a0af7e0784af92676"
"csv","brain-methods","core","core/bmad-brainstorming/assets/brain-methods.csv","fff112eabca1a9cb8b190f8314bc47678becc5782a2372e11c83daa0e33b6dfd"
"csv","methods","core","core/bmad-advanced-elicitation/assets/methods.csv","d110ff5f076fb9421552b83692fde2c2d367734049169c7a55f7267a3dc7ef89"
"csv","module-help","core","core/module-help.csv","3d5feb19c1750d35676530c746a5c71e8959616f3c32fb161847971611d81b6b"
"html","brain-selector","core","core/bmad-brainstorming/assets/brain-selector.html","c110919a3366bd96061f050f98503e3586185e3d1df5ff8b62a5a046c571a436"
"json","brain-icons","core","core/bmad-brainstorming/assets/brain-icons.json","a101c56e89f1d0f9e4131dfdfc19e10c746e3a61c3f92537d04a6f4897b7d331"
"md","academic-lit","core","core/bmad-deep-recon/types/academic-lit.md","514b0b7b1184cb95363dedeb0c2298a9bf5c430c74146fe2114f31780fadb325"
"md","competitive","core","core/bmad-deep-recon/types/competitive.md","39b53df87d295fdc4388719fcdf31ad2221e64afc136e669207f46d2727a3aec"
"md","converge","core","core/bmad-brainstorming/references/converge.md","1528c32ddc64f8061fec663306f7208d2fd4d4a90e660552b8138bda7e452dc0"
"md","create-party","core","core/bmad-party-mode/references/create-party.md","2f810332c36c17d14eb55717aed48f3020acf0713bb9f932479be9fbc3856e9e"
"md","domain","core","core/bmad-deep-recon/types/domain.md","3a34b2e62c3589f8c8d01158357ee9fba32648c9fdfe70035bb3ca971862896b"
"md","draft","core","core/bmad-deep-recon/references/draft.md","ac19b33a00ca529c3281df6076f87a833a3b11fc30915ca2c6e7590f7986b90e"
"md","editorial-common","core","core/bmad-review/references/editorial-common.md","f0cdc72ea345b2c5dc3001477b3dfcc909ca11b78f7db8865b6763d18ffc66c8"
"md","finalize","core","core/bmad-brainstorming/references/finalize.md","b6074e7fb4d86ffcf899abc50b9049b4a1f6fe550917f4be7a1c7a888477e07e"
"md","finalize","core","core/bmad-deep-recon/references/finalize.md","d2ba4bee615dfbca6e7725179fb5ebd856dd34a54ba3f306e25255dfd7b1d126"
"md","headless","core","core/bmad-brainstorming/references/headless.md","b8ea5951199cff7e4813e06aef35683ca0658230fa015e358cacc466b1138a42"
"md","html-briefing","core","core/bmad-deep-recon/references/html-briefing.md","cd3a88c1a5505fa7f1b715afc3adb34f3d64ade66f4c6b49a59f7e8cfcbe38d4"
"md","in-chat-techniques","core","core/bmad-brainstorming/references/in-chat-techniques.md","18239464e3e4f00ea9063d015d26d6b0a696b72e7e3c5be92352da6db9a3f244"
"md","lens-adversarial","core","core/bmad-review/references/lens-adversarial.md","7c5ce97ab2f3ecb96ceb6aa76417f68c1b7df535edd3cc51666d8e1216e6e557"
"md","lens-edge-case-hunter","core","core/bmad-review/references/lens-edge-case-hunter.md","f2709e3adb40943ea0f19d0797be379caf0875eaef9a55081dc1e170e8288b68"
"md","lens-prose","core","core/bmad-review/references/lens-prose.md","4cbcb1eaea8567d272f5db7c6cdfd74ed5a8aae6831053cb2f01cbfc2cb98b98"
"md","lens-structure","core","core/bmad-review/references/lens-structure.md","98c08221f517133e57ef6325013935360c3365ebd7dcb8411b2050d7df507ee3"
"md","lens-verification-gap","core","core/bmad-review/references/lens-verification-gap.md","e7123d81171eeeee1b3782d13d94c2988969fe357dd71949131a5eb97803e2c6"
"md","lifecycle","core","core/bmad-deep-recon/references/lifecycle.md","2315fd9cb9223504639616b861ad593bfecb53d605efbd598ae2cf94fb6c4cdf"
"md","market","core","core/bmad-deep-recon/types/market.md","81ac04499da441857672e29fcd7169436a7e239e67194288ac0d526ec514cb5e"
"md","mode-agent-team","core","core/bmad-party-mode/references/mode-agent-team.md","def759a17f4bb45463b68fb74c2b828b0a4241720b2b6cc1c9c611a1016ae9d7"
"md","mode-auto","core","core/bmad-party-mode/references/mode-auto.md","a37fd24f76dfcde385890d5c5947bb6f40ca44bea86c805d267b6ae3aab39f70"
"md","mode-autonomous","core","core/bmad-brainstorming/references/mode-autonomous.md","d815d2c7f0f8cc0cdfa7c619eaf61f59fd78142f13c69365eda257da38b97bdf"
"md","mode-facilitator","core","core/bmad-brainstorming/references/mode-facilitator.md","1b908498d285d190859aed00c3ba5b399d7f6aa8e94d54e95456d15cd6fe6073"
"md","mode-partner","core","core/bmad-brainstorming/references/mode-partner.md","caa0ed378c116def4de382f4e5a95173c6ae6cc5464f1792e7d8196360f79c8a"
"md","mode-subagent","core","core/bmad-party-mode/references/mode-subagent.md","86161b24a0b13b8f9cb9309042e4249d8caefff8cc33728b084cd2ec22f9d2e1"
"md","party-memory","core","core/bmad-party-mode/references/party-memory.md","800b4b4b920bb881a7b32aaabca8559a98273799b2476d83a23e290e301fb315"
"md","process","core","core/bmad-deep-recon/references/process.md","9017d04774807a29103ea97331e555e2793f90098af65752b72f3ee09df85906"
"md","README","core","core/v6-shims/README.md","017900bb03baeddc0262041a6aa85bce744e8c45991dcde32ef042f9bc2a32b2"
"md","research.template","core","core/bmad-deep-recon/assets/research.template.md","87d7cfa85fa5036b5a309b7bfb88f7934f50bb81f3cff02d2b49b4c7345cfc38"
"md","resume","core","core/bmad-brainstorming/references/resume.md","0f79535d72eefe6c55bd5ae47fe4753de8d27235cf129f10b2c596a124c26526"
"md","run","core","core/bmad-deep-recon/references/run.md","8e259dc88820ac989c79620af5c37e24f00df21ac4af308ce3563c0e66c9406c"
"md","selection","core","core/bmad-deep-recon/references/selection.md","2b488c08f9550afe7fda32c2dc5d4591927afd7b9ad507fcce0ae8593c4b9d31"
"md","SKILL","core","core/bmad-advanced-elicitation/SKILL.md","23a1f2903f6a19255e3ceae798afe48f6394694769b3b034502d174d683612b2"
"md","SKILL","core","core/bmad-brainstorming/SKILL.md","e9cb07fe86aa254f9fb7217720d77fd693bf66a0c01af8114ecdf7148159fdd1"
"md","SKILL","core","core/bmad-customize/SKILL.md","a42086f90024013e2611503eb0224ac0e90b2aecac44a886ae0e38cfdda69511"
"md","SKILL","core","core/bmad-deep-recon/SKILL.md","dce5f7db03094a617cc3fcae1711b1dc7ccebe379376e67216544956d375f0d2"
"md","SKILL","core","core/bmad-forge-idea/SKILL.md","a838096deb871b3482dffe6163be16104f7911698b25af5617751655fd3295c9"
"md","SKILL","core","core/bmad-help/SKILL.md","68a19089a0073b299c705e9afaa8d18183e78f88a185a68e9efba2e14062effc"
"md","SKILL","core","core/bmad-party-mode/SKILL.md","de035b4e081fdd626a20114178f706ac222f519171d82b02139a7cec561a3487"
"md","SKILL","core","core/bmad-review/SKILL.md","144e6c46d9157f7a88722c56139cd78c12903b1283ed84dd9c2b1f5dfa7673c1"
"md","SKILL","core","core/v6-shims/bmad-editorial-review/SKILL.md","3b939876b4977bec7f2d3ee33a8871b266f25efc72768d72868ac26ff9158cd2"
"md","SKILL","core","core/v6-shims/bmad-editorial-review-prose/SKILL.md","153e7b0a240c3f5e49d6128ff1797aabc368618611d895f7f152e73fbcb12fab"
"md","SKILL","core","core/v6-shims/bmad-editorial-review-structure/SKILL.md","5e45da216b00aad3955a7196df6cb8e52167f441d2dcd7c064983881691bf1e8"
"md","SKILL","core","core/v6-shims/bmad-review-adversarial-general/SKILL.md","ca1d05a05eb41ec446abd862e9afe4a88b9188a3bb93bc3e70ca68ecb8740619"
"md","SKILL","core","core/v6-shims/bmad-review-edge-case-hunter/SKILL.md","f9db1d7f58c5e3f7586c10c920d4dd9d6c6d6e2dff5cd49110ec1edb387937a1"
"md","SKILL","core","core/v6-shims/bmad-review-verification-gap/SKILL.md","4ee67cc3d7355ba05d195797cb2d57d45f9046ee31781f2d133ff3484cfb53ae"
"md","structure-models","core","core/bmad-review/references/structure-models.md","f84f85070e1af75f2482757aba9d37d69d805a20826d185527e598f2ba6b9292"
"md","synthesis","core","core/bmad-deep-recon/references/synthesis.md","4d9ef1247ab45241f919010e94c99699abc0a6e18b5bd68fa93ae54afe59d172"
"md","technical","core","core/bmad-deep-recon/types/technical.md","55f71428c70547b89d67ef0c6cdad59caeb0ee21082cd1230c05618ba8d04707"
"md","user-voice","core","core/bmad-deep-recon/types/user-voice.md","1831ce46e53e8c68244d28e336c5ef9e53e64f21a00b74a817b9b2924c1e8e72"
"md","verification","core","core/bmad-deep-recon/references/verification.md","0393ded4828fec69a4819d7236827910d641d09c3b61144c0211a9a78776fdd2"
"py","brain","core","core/bmad-brainstorming/scripts/brain.py","1c75c667fc70a85055dd19d77fb21478e190874e4a61d070c3b0971dd1bd25cc"
"py","list_customizable_skills","core","core/bmad-customize/scripts/list_customizable_skills.py","8787f542930b927789e7fdf12bc5a67ff08e19865903a5ad05ff2cc8fc426b66"
"py","pick_methods","core","core/bmad-advanced-elicitation/scripts/pick_methods.py","60020ec4767894ea3d8707c4b61e78b679d434315be1dd29154bf64d88126fff"
"py","recon_kit","core","core/bmad-deep-recon/scripts/recon_kit.py","8cb5187b5114b779532907383a013d40fdea1022bb9bed9a23bd8d0fdfa79e8c"
"py","resolve_party","core","core/bmad-party-mode/scripts/resolve_party.py","0bed5ad2139f4412699c07d571c218470901b901ca4a72b441ec9308dbc8ce74"
"py","resolve_personas","core","core/bmad-forge-idea/scripts/resolve_personas.py","b3e5f2f38de013ad878d8ac9c1d4e77d555c2d665dd6c0bc16f9f567d2bbd30c"
"py","test_brain","core","core/bmad-brainstorming/scripts/tests/test_brain.py","021c0b9fae8db859725312d50d8b304fff00ee7acc310699c35523e86bffbdd8"
"py","test_list_customizable_skills","core","core/bmad-customize/scripts/tests/test_list_customizable_skills.py","24c3d384b3b5d490b7335c17866bfe0425af253ce669c32382fa88feb705934d"
"py","test_pick_methods","core","core/bmad-advanced-elicitation/scripts/tests/test_pick_methods.py","610099d8494529f9203d7262567810b500552bcef006b3b6388d58da3da71978"
"py","test_recon_kit","core","core/bmad-deep-recon/scripts/tests/test_recon_kit.py","1b4ddf482dd2d11a214ee2f821c35d7a8c41905b5d8d9cc69a293304bb8a1665"
"py","test_resolve_party","core","core/bmad-party-mode/scripts/tests/test_resolve_party.py","bb53fe03ec3013ed96c0fb399c1948f28bcf55cb2d7727fe0189343fcaa667d5"
"py","test_resolve_personas","core","core/bmad-forge-idea/scripts/tests/test_resolve_personas.py","1c4fa4b1d68bfbd10e4b38cad3c8286dad62345cebd08fe94a6862351b02855e"
"py","test_word_metrics","core","core/bmad-review/scripts/tests/test_word_metrics.py","3b5a285d3c9f611b3cda8c9c1d52d6b214c1f72e6e64a94ea5b0e220db5a8765"
"py","word_metrics","core","core/bmad-review/scripts/word_metrics.py","fb45007a7f3cfc18d13ee8bd4787facdaae297570193bc769456297dd33da78b"
"toml","customize","core","core/bmad-advanced-elicitation/customize.toml","735a276edd51786ccfd2c3417d9a2b9dee4244a6102698981b3888f68d979ed9"
"toml","customize","core","core/bmad-brainstorming/customize.toml","21fcbc60c78db99ca0424da192ba0942dce2189f350f77838e4d3ecd501edd1c"
"toml","customize","core","core/bmad-deep-recon/customize.toml","24d1383066034fd4fcf282279aaf0d29d21910fd1247dfe3dbad74a70e78814d"
"toml","customize","core","core/bmad-forge-idea/customize.toml","ef5fadd1df3550cae00b1b442606bf84d187bfd55397563f143e1057430df45c"
"toml","customize","core","core/bmad-party-mode/customize.toml","9c6ee33cd7fdd80e4adf514c3d54636d933d5250c2ddd78041c6cfe73b745bb0"
"toml","customize","core","core/bmad-review/customize.toml","38470c888a809ee030dc11d38868bb1ac5c1d547f06d218b711be5df53385c00"
"toml","customize","core","core/v6-shims/bmad-editorial-review/customize.toml","a5c5fed539e6543121e57cc29bb65559bb6391efc806bf8759c8e29697a94a34"
"yaml","config","core","core/config.yaml","9584ab679979ef2a35ac86000a510cb39ba9d33ad5f4f58a51f48699fa390b89"
"csv","module-help","rds","rds/rds-setup/assets/module-help.csv","dddf4109574f8b3cca20051cfd5a7db5a43d7459836497b7243570a400a71878"
"csv","module-help","rds","rds/module-help.csv","dddf4109574f8b3cca20051cfd5a7db5a43d7459836497b7243570a400a71878"
"md","ada","rds","rds/rds-setup/assets/rds/agents/ada.md","b40763dbd36a911640b25bb1e31af9bee6345717b8357c0d39ebf064b9a1b924"
"md","advanced-applications","rds","rds/r-plotly/examples/advanced-applications.md","e650ecad43f6949115c7d72c09d80488f1c9c4ec6d192c0e54aa337fe7ff3084"
"md","advanced-customization","rds","rds/ggplot2/references/advanced-customization.md","846d79dfc050d3dc5a96ff3729696b2eb3d5076e0bab3e75944757e80e90f5a9"
"md","advanced-patterns","rds","rds/keras3/references/advanced-patterns.md","a40ac5e24f8e39950a028d9e9ff818e86f2380625fd8d418f74fdff27f0301d2"
"md","advanced-topics","rds","rds/r-databricks-sparklyr/references/advanced-topics.md","d04a61ae67c93aaf2affbfa1aaf5eff5786f0dd3bc2234434a1b38ad11820f43"
"md","alan","rds","rds/rds-setup/assets/rds/agents/alan.md","d727ad794fea27e11193201315e3f5c2a12903d75e25c5ea71333050e83c7bd2"
"md","animation-reference","rds","rds/r-plotly/references/animation-reference.md","1caafcde322ac4afca114f3da78c107f07a01fe9d0780a318730b736ab4ad38b"
"md","architectures","rds","rds/r-deeplearning/references/architectures.md","6609431f0f0d0bc38897b0c68f630e6d14bbcbf978cc71a3d8b1cc1b6844338a"
"md","audio-classification","rds","rds/keras3/examples/audio-classification.md","28b010b74ded0213ec8e849e1891f28fc3d7d04bb50ee6d0f6a0074732e512e2"
"md","audio-classification","rds","rds/r-deeplearning/examples/audio-classification.md","3806dfb43ea2dad730828af60a1dab93216505bf367ffe643c9fe5b8d05056df"
"md","audio-classification-torch","rds","rds/torch-r/examples/audio-classification-torch.md","1b2e40c14ec26898881539e871526fddfdb136e127949fbe2be3d4a771b69512"
"md","audio-dl-best-practices","rds","rds/r-deeplearning/references/audio-dl-best-practices.md","7679244a41f5ba85f153be2135c64cf16216904e433ae477668e38c03538738f"
"md","backend-guide","rds","rds/keras3/references/backend-guide.md","045d6bf34ac32b4e0719b4abcbbbd546be8242e35a340ce8925ebab22da4765c"
"md","basic-plots-gallery","rds","rds/r-plotly/examples/basic-plots-gallery.md","213f6bdf0bc594e2064dd1d2004c295fb7d4699720c5c554e3f3dfc95c0a14ca"
"md","best-practices","rds","rds/ggplot2/references/best-practices.md","3cadd97ddc7158ef2cdd39f64d918817df2495ed799c1a25de4724c22c4ef0e3"
"md","best-practices","rds","rds/r-plotly/references/best-practices.md","90ed048e86efa88c19819e32d35c21030c2dc25e032e2c6f7702cd66eed915a2"
"md","bioacoustics-use-cases","rds","rds/r-audio-multiclass/examples/bioacoustics-use-cases.md","cab6abb5095509416c558ba7a1982f71e51cf72ddf4ceacc5a7dea968798ec3c"
"md","callbacks-reference","rds","rds/keras3/references/callbacks-reference.md","61c380e3fb3a57305690287046889a2cd303c9ff80d16a64c753c1c82cff196b"
"md","case-studies","rds","rds/tidyverse-expert/examples/case-studies.md","5a75f76d834c7fa9533886312c93e86541973e44b64eb3bc1d3f30d0ad3096fc"
"md","categorical-encoding","rds","rds/r-feature-engineering/references/categorical-encoding.md","a7748c3e459948053852fe2390c3c3ecf7cb8d52c5c80b685a28757bd9be8316"
"md","chart-types-reference","rds","rds/r-plotly/references/chart-types-reference.md","577938f1d23e4fdd59912713cbd5c3706cbd1a10d9e394a0c8de720533c1e83e"
"md","chunk-options","rds","rds/quarto/references/chunk-options.md","5b776b8a61bc06e28c614aba90411f52337c9918c6fee94cccccbdfc21bcac2e"
"md","cifar10-complete","rds","rds/r-tensorflow/examples/cifar10-complete.md","f9a933d30b4e142806337ee0b978821fd4029126c08ac0a6c3e9ae59ea0d6eda"
"md","common-pitfalls","rds","rds/r-shiny/references/common-pitfalls.md","0402b7793a594e725f1a98157fdd1cc998094db04d4fdcb83dbb21c1b04bd69a"
"md","computer-vision","rds","rds/r-deeplearning/examples/computer-vision.md","f408e28dbb58d01d5ddf3aff127d4e48bf7d38b505780038a2da5ffe401beb87"
"md","custom-layers-models","rds","rds/keras3/examples/custom-layers-models.md","db81f279eed23f55f2277308af9cc208113099d39931922c1958bec1c324a413"
"md","customer-reviews-analysis","rds","rds/r-text-mining/examples/customer-reviews-analysis.md","af3f9a2ca7cdf00c0c833204ba3901bbb67139d3215980995ab2330c1c8549a5"
"md","dashboards","rds","rds/quarto/references/dashboards.md","39cf1e1d4a2d6c7f91b83e6153eec36f023d67f09733f53ae17095ca49fd3cf4"
"md","data-quality-metrics","rds","rds/rds-setup/assets/rds/workflows/data-quality-check/data/data-quality-metrics.md","d9d6c4d361a56c915902c2adf968288227fc8c206580898c06b3cbf0cb73608a"
"md","data-visualization","rds","rds/r-timeseries/references/data-visualization.md","67b2edddf111b85b738dab86afff54be6bd6aee692a3aa2297feb967890e5ea0"
"md","data-wrangling","rds","rds/r-datascience/references/data-wrangling.md","e902c6b3d0252c01d61fd0082dcec218b8b6d004c29badb9dfad691007c9dab1"
"md","data-wrangling-templates","rds","rds/tidyverse-expert/templates/data-wrangling-templates.md","5726bf154e4739306b5a327f6cebe307abfd8332883a3dd3b20f59799444cffb"
"md","dbplyr-translation","rds","rds/r-databricks-sparklyr/references/dbplyr-translation.md","435a42c3d7b0f821cb502bf8201aa9954f6af9ed1dc62cc18de16daf193c7f6e"
"md","deployment-checklist","rds","rds/rds-setup/assets/rds/workflows/prototype-to-production/templates/deployment-checklist.md","e3d962065f74257b2340bdc755b5e46c50a4f4ccd351bb425ee340d7677c0f05"
"md","deployment-comparison","rds","rds/keras3/examples/deployment-comparison.md","2d2bbbac70422b1fe8b951649cfd903799a1289360cc47f03e3c3d6b5f3cc242"
"md","detection-methods","rds","rds/r-bioacoustics/references/detection-methods.md","193f9cdb7f292d959f023a5e22595965fd5b08311e7d9fcf9e7c6f58f27755e7"
"md","dplyr-reference","rds","rds/tidyverse-expert/references/dplyr-reference.md","3fde6e8055b828d01b0c0a6e8e7f7c43a66125164afb84514725362e7d972bf5"
"md","ecoacoustic-indices","rds","rds/r-bioacoustics/references/ecoacoustic-indices.md","c3fbafc1e0c98e686b7711eebf8f8becbe1140dc1d0ab7b17a6fcbf86c8ffb82"
"md","encoding-comparison","rds","rds/r-feature-engineering/examples/encoding-comparison.md","6fcc8d857ff3466d7edbe7c466af03e0d59bc90c06453963327eafd27ee86917"
"md","feature-engineering","rds","rds/r-datascience/references/feature-engineering.md","ef3df4f089384b93e288b3c906e6c21f9d7ae3a05e3bd1026f17af00587fca53"
"md","feature-engineering","rds","rds/r-bioacoustics/references/feature-engineering.md","6c8c79d71b6213f7ac9834e2d3783c5e409bc38a57f35d95dc462c831032dc65"
"md","feature-engineering-checklist","rds","rds/r-feature-engineering/templates/feature-engineering-checklist.md","8c40ca6d6b4dbc6a3bab7e648dd758a01c24c955ca05a894f0ce6f07961e6c41"
"md","feature-selection","rds","rds/r-feature-engineering/references/feature-selection.md","6d89ab4613b2605c73ca9f17a9be5eb883d047f8a71c7401e475093ea891d803"
"md","feature-transformers","rds","rds/r-sparklyr-ml/references/feature-transformers.md","853dd33ebc6416fcadea252b3ef58ab98ecc1edc7efe5c2a01ea1ccc572286bb"
"md","forcats-reference","rds","rds/tidyverse-expert/references/forcats-reference.md","1ee8fd6116d63c39c96a4b489241d91491af33d8402871fe645e4aeccc55b09a"
"md","forecast-evaluation","rds","rds/r-timeseries/references/forecast-evaluation.md","0b31c6d28e2cd518afa4819e461610f128a2cf2543951e345e2fefad6f871878"
"md","forecasting-methods","rds","rds/r-timeseries/references/forecasting-methods.md","a7696a17af4459bd16bc20dadd1b7d3f11c9fc4a93475290225f0d19dc6c87d4"
"md","forecasting-workflow","rds","rds/r-timeseries/templates/forecasting-workflow.md","d8f1013b384a0d0827fd5a3ccdc1db9650b08954cb456a4d92d8f48a57392bce"
"md","framework-comparison","rds","rds/r-tensorflow/references/framework-comparison.md","cca18ee368acfe5ed0b41b7e90b66a982e1fcc1a2dfc9b4ba81dd5eb15db1781"
"md","functional-api-advanced","rds","rds/keras3/examples/functional-api-advanced.md","32eee54b98485f5415f65be83b86d9022f57a92a78fb829bd2b61b6ec02e8440"
"md","gallery-best-practices","rds","rds/ggplot2/examples/gallery-best-practices.md","2cd2cb0f84f5edc24d813dcc73cd2ffaff8e3019c90dbea1292081f06eb30a3d"
"md","gallery-distribution-correlation","rds","rds/ggplot2/examples/gallery-distribution-correlation.md","6aeba0f87aaf45753ae54ccaa5ea6f177f8e6ebecfda6c443ff15e4efce86249"
"md","gallery-evolution-ranking","rds","rds/ggplot2/examples/gallery-evolution-ranking.md","f920b80eb10bbddc3f23b947355b93e2c598109aa149948be2e46c43e42e803f"
"md","geoms-reference","rds","rds/ggplot2/references/geoms-reference.md","5163f3e4f705cbb7bdad07f68c9260b821d071408f799b54590c35cf12f74580"
"md","grace","rds","rds/rds-setup/assets/rds/agents/grace.md","8b155b126a581b2b14232da6b32773116f1c4cd3bd9ab270c62d653ccbdb2730"
"md","installation-troubleshooting","rds","rds/r-tensorflow/references/installation-troubleshooting.md","a24e08f57f47e01c787de7a5aab4bc4d096d3b975b1c3636b79b2b8bbc499974"
"md","interaction-detection","rds","rds/r-feature-engineering/references/interaction-detection.md","3bf1e073e042b7a223aa54ed29cc423be65cf42360b3ff50b0b30ac915f936ae"
"md","interaction-workflow","rds","rds/r-feature-engineering/examples/interaction-workflow.md","302c2672647af93a411a91a128bc7eb9bd741f47696dbf9d7f2871bcb124f4ff"
"md","interactive-features-examples","rds","rds/r-plotly/examples/interactive-features-examples.md","8df84d8a5adc4f025a532640596351cae5644b989b5365a9c4c2e27a0aa3aa60"
"md","interactivity-reference","rds","rds/r-plotly/references/interactivity-reference.md","cad6c371f65380256f7655bb506d2e369ee9bc785bab23341af1cffdbbd5cb01"
"md","interpretability-methods","rds","rds/rds-setup/assets/rds/workflows/model-interpretation/data/interpretability-methods.md","d8fc498e6ca728f76faaeaedb8203f05f68dc2fd6bc709889922abd4974463e2"
"md","keras-applications","rds","rds/keras3/references/keras-applications.md","76a50f38c70bf91ba67c6882b7cb2cce803aa3bedfb792f1be8c93e78a5c874f"
"md","keras-workflows","rds","rds/r-tensorflow/examples/keras-workflows.md","1719579801c1c4110d6681b6761f28c725c04ddf395895d6fe96cbed3e82205c"
"md","layout-styling-reference","rds","rds/r-plotly/references/layout-styling-reference.md","c2b91ee3532396b3541b18e7a6336f93136e12069aee5a35e2c131585e0ed101"
"md","learning-paradigms-taxonomy","rds","rds/learning-paradigms/references/learning-paradigms-taxonomy.md","031e4c41382c083ae0e44329278bfb1745d72d9ff2289ef670847eef3c2e8beb"
"md","lubridate-reference","rds","rds/tidyverse-expert/references/lubridate-reference.md","39cee28caac6a9cf5ec64934c6a5d1779ce35d710b947b39cded9570201ebe48"
"md","marie","rds","rds/rds-setup/assets/rds/agents/marie.md","65b65e7bdcdec7e0657cf857d16ffea72c9db3b37c1e916fd5f7189b8b2d0015"
"md","metric-selection-guide","rds","rds/rds-setup/assets/rds/workflows/modeling-pipeline/data/metric-selection-guide.md","6d1137141cd8aef24770a280c86aea800a8df5f993cb8b6cd2016a165c4438cd"
"md","missing-data-strategies","rds","rds/r-feature-engineering/references/missing-data-strategies.md","41d9e13aa718f6e0a9f7959bea39ca025fed72276af19db5071b97454ca5d0a8"
"md","ml-pipeline-native","rds","rds/r-sparklyr-ml/references/ml-pipeline-native.md","ff33753384bf6c65cdfa63caf5e3abc3ad0c8942373aed8b28e80cb9b4a711a7"
"md","model-selection-guide","rds","rds/rds-setup/assets/rds/workflows/modeling-pipeline/data/model-selection-guide.md","3abd4843f3973ddf9a1f0d23931952c473635a28de8b1f5d36aae7191235ef1f"
"md","model-templates","rds","rds/r-tidymodels/templates/model-templates.md","ec345945df7ab8467cfcebc1d3840dbcacf778c3af2e653282415bf2f005b083"
"md","module-setup","rds","rds/rds-setup/assets/module-setup.md","9e5b724e1718564445df3821d0e05175f5e13ecba5b7cbbbc761b9f018e1ab3f"
"md","modules-and-organization","rds","rds/r-shiny/references/modules-and-organization.md","a19974d8b0a19d199cb34540f2e27a0b169c4ed0cb0d62e7c1d6351334df9f26"
"md","monitoring-setup","rds","rds/rds-setup/assets/rds/workflows/prototype-to-production/templates/monitoring-setup.md","753cc18653ef21026a0d03091af3ce10258b13cc3bb311af4e4b166aef0ac476"
"md","nlp","rds","rds/r-deeplearning/examples/nlp.md","c2ad4ea4d72bfe759d8866ac9d7503ae4e87a3046bfcc975c9ee21221ccc13f5"
"md","nlp-patterns","rds","rds/keras3/examples/nlp-patterns.md","33a166d09244039f8d3cd7290bf1fc2747906d06b246970566876c8b13f9a3ab"
"md","numeric-transformations","rds","rds/r-feature-engineering/references/numeric-transformations.md","a695f18a56f300390df402656603002fdf0775fd9d76fdf2477cb68cfbde0409"
"md","pam-pipeline","rds","rds/r-bioacoustics/examples/pam-pipeline.md","a55734d5e1936da3d06c09d5dd1ef2238985f8ef8df02277e2c3443dd5a5645d"
"md","paradigm-selection-flowchart","rds","rds/learning-paradigms/examples/paradigm-selection-flowchart.md","7a3106c720c9c23abbd42b03d7d770b607d14efd458122bd5bbeb26c562adf0b"
"md","performance-and-security","rds","rds/r-shiny/references/performance-and-security.md","60248264ae949a9d86b0915f7fc0f009cfe59c080f7a7b53c8e2f555f836c5f0"
"md","phase-transitions","rds","rds/rds-setup/assets/rds/workflows/full-lifecycle/data/phase-transitions.md","3969902d9ccdf5717fbb92f822237bef68021c4c57638ca9cc26f2441512f069"
"md","platform-core","rds","rds/r-databricks-sparklyr/references/platform-core.md","c7f5285080af2072057b2ccd1a441dac21e19ee04aaa5bced240c0b992b232e2"
"md","plot-examples","rds","rds/ggplot2/examples/plot-examples.md","d3c105c3608b0a5544707a6519f49a088c1c93394740a0662728528004a5fd51"
"md","plot-templates","rds","rds/ggplot2/templates/plot-templates.md","ed430f7974d79b4044ac2146535d7565becdca698c1b92fd5dfa3efa76d980a3"
"md","plot-templates","rds","rds/r-plotly/templates/plot-templates.md","412230a5ca81120968780642c04970526c4dde4ea8b7664b6dbe30dddec0bed8"
"md","preprocessing-layers","rds","rds/keras3/references/preprocessing-layers.md","573d9a429f26f2a308354dd50f06ef7661afcb842559031abd3828dfaab6c50e"
"md","publishing","rds","rds/quarto/references/publishing.md","ca999724fd6041c83694fd29a2f78157e9192fa77c94072d173bb23d0cf8fec6"
"md","purrr-reference","rds","rds/tidyverse-expert/references/purrr-reference.md","6db95497e9a6a0350e348d114a5895a6004d5f03808c208e210e98328b1c4f26"
"md","QUALITY_EVALUATION","rds","rds/r-feature-engineering/QUALITY_EVALUATION.md","778d4090863bc6da3d9af0ef5adbede9ede66bbaf6d6d49b59f79524c23c6860"
"md","r-integration","rds","rds/quarto/references/r-integration.md","6d46f432bc33a96cdf0b82cd1f071826e610e15836f04606f41ae4b075c8b33f"
"md","reactivity-patterns","rds","rds/r-shiny/references/reactivity-patterns.md","0d5d4191d3dfe8949cd7c69593ccc54721acc486987adf524b2ffbaa6c5a8efa"
"md","README","rds","rds/r-datascience/README.md","1bdbe369f5a11f986b0cac94932ced5ec2cdc85182c74d02ec77d895d66bb2c6"
"md","README","rds","rds/r-tidymodels/README.md","1cd1e9190118bf4df8a9a68730dda6dd966e9cb15cfbb5dfd23896e5173c3281"
"md","README","rds","rds/tidyverse-expert/README.md","c3d5ce06374906927c36666891fdb909902cce445405f7be1ddc6b43c01c75e6"
"md","README","rds","rds/ggplot2/README.md","e64f972ad4dc6ff44c189f8365adc17e7d16874f2d1fbf7982ec955c4a5f619f"
"md","README","rds","rds/quarto/README.md","39dc6537ab1c351095a5f131245e94ba61df4883040f0266d0ceb3a0ac03862e"
"md","README","rds","rds/r-feature-engineering/README.md","9f3986fd468796d211c724ffe9c527d91c08c16306f2ba7ba365045924c436a6"
"md","README","rds","rds/r-timeseries/README.md","5e7f4baade8b7ea00bfae77aad53a73085dda3982201a52be22f10c3fb6ae2c8"
"md","README","rds","rds/r-text-mining/README.md","8e7d7d72f8d822bfe00f4297388ba82636a8502123565b35c80ae4f1669428cd"
"md","README","rds","rds/r-shiny/README.md","9e9497173dadbb41e074ff3b9de2ac24856b74a262a83c3271b843ce8b4462da"
"md","README","rds","rds/r-plotly/README.md","b745dfeb748f82e6ca867af4a0f51e3fd17b663a1d23514c30a4bbe12eb5abfe"
"md","README","rds","rds/torch-r/README.md","aaefc78cc962cac62086cc2f5e6cacc4ec329f8846f29b46c6f52d8af59f22ff"
"md","README","rds","rds/keras3/README.md","514caf6c2a16a060233b0298171a97d1dadda08c806a2a95a8019aef7c994c9c"
"md","README","rds","rds/r-tensorflow/README.md","c73972c7f329edaca7a67b768f435e5da8da64421592b39df8fde0f33fa18600"
"md","recipe-steps-guide","rds","rds/r-tidymodels/references/recipe-steps-guide.md","07778f850c841a24a94dbaa7b5b2d24a68e126a899eac95bba8f1abaad3c9811"
"md","retail-sales-forecast","rds","rds/r-timeseries/examples/retail-sales-forecast.md","593320db84004b4004ea311192da429e5cf2f41e2d6e1e176debbeb4f7819020"
"md","scales-reference","rds","rds/ggplot2/references/scales-reference.md","8e949d898306eff48be096170a9ede608b2fd5ecb1dac858f66e5bb3550f51e5"
"md","selection-pipeline","rds","rds/r-feature-engineering/examples/selection-pipeline.md","64011ec0bc055b9fa2455b11e6f741d08e7d28c3def14a25742e724e2036e835"
"md","sentiment-analysis","rds","rds/r-text-mining/references/sentiment-analysis.md","aae464648b9b346704ed4f7c383aebf420732637fad2f36a4df0bc7deafbd403"
"md","shiny-integration-reference","rds","rds/r-plotly/references/shiny-integration-reference.md","478e7094d450cc9cac41ac07868efa158f2b0e7e9abe2c641c0ec0fae2b96091"
"md","SKILL","rds","rds/rds-setup/SKILL.md","49b652128d24de5874f531e7e8bdb515cca60cb456a1f597967d3d7a6e0acdb3"
"md","SKILL","rds","rds/rds/SKILL.md","c9239cbc7414befd3ab620bec9054fb77f7430f8d7b41e896bbaaac8d832e96d"
"md","SKILL","rds","rds/ada/SKILL.md","b40763dbd36a911640b25bb1e31af9bee6345717b8357c0d39ebf064b9a1b924"
"md","SKILL","rds","rds/grace/SKILL.md","8b155b126a581b2b14232da6b32773116f1c4cd3bd9ab270c62d653ccbdb2730"
"md","SKILL","rds","rds/alan/SKILL.md","d727ad794fea27e11193201315e3f5c2a12903d75e25c5ea71333050e83c7bd2"
"md","SKILL","rds","rds/marie/SKILL.md","65b65e7bdcdec7e0657cf857d16ffea72c9db3b37c1e916fd5f7189b8b2d0015"
"md","SKILL","rds","rds/r-datascience/SKILL.md","8640106282845f8551292bbbdb2442e80e255c159bcfc30214ed564aadd841e5"
"md","SKILL","rds","rds/r-tidymodels/SKILL.md","c1fba03bc0556b5277d6261e33ef9b1cb80a7be1411c4f1fb30ec921181e520d"
"md","SKILL","rds","rds/tidyverse-expert/SKILL.md","ff16f6ea60d88e1295c7c34bbfac15ee94a09fa2e8044b1969680e0dfc746f69"
"md","SKILL","rds","rds/tidyverse-patterns/SKILL.md","b6535b16a415536fdae69e392e5e59b35ccca169d337617fee61f58c146f17df"
"md","SKILL","rds","rds/ggplot2/SKILL.md","4ddf7bce1137d25137ca1d3c4cd3b8a48415c632a4b371d54328be9211678027"
"md","SKILL","rds","rds/quarto/SKILL.md","090108cbf05870c406fea0a82c91793c5d0f3ab551dde942d0901d971c486203"
"md","SKILL","rds","rds/r-style-guide/SKILL.md","cfb250531286cff6892119f111d178912d47cfc1c81230f50527c0daf0b2b5f0"
"md","SKILL","rds","rds/rlang-patterns/SKILL.md","b1dd8e4aa08b5b434a31c2ba0e9b7ad8208c63aa4b8a6aa32d430a065abe015f"
"md","SKILL","rds","rds/r-feature-engineering/SKILL.md","0f097faf90cd6b2361de22f27bedefd6deb21f635f6282b956a9f45f3efd160c"
"md","SKILL","rds","rds/r-performance/SKILL.md","1a12768a704791d0be0a3b826431a632f28918756adca4e4c312acf67bfa8e0a"
"md","SKILL","rds","rds/r-oop/SKILL.md","fe1771c059a0a67f8b0e89538a80f9cdb41b1d8a2f703307e1eb0f50381a910f"
"md","SKILL","rds","rds/r-package-development/SKILL.md","32a4cff0765723381e3d539bf10f6920af276ddab06fafff77434b6bd1a5846e"
"md","SKILL","rds","rds/tdd-workflow/SKILL.md","7dc9f01f7e0351df7305d2aad2cf2301a7eabb7a64b229b643fb449725163340"
"md","SKILL","rds","rds/r-timeseries/SKILL.md","be11229663cd6d5460ec8395c70f5b5341913d08917d9b8e15f5d8fe20c86ece"
"md","SKILL","rds","rds/r-text-mining/SKILL.md","a343a2002cc52f0b42a91364eba9158c0e68d31df91e4df1fb88f11d925fee1c"
"md","SKILL","rds","rds/r-bayes/SKILL.md","fc118ae1b63c4baeeef3aa14ee1ce9ab2006dceb54d6ec3f6170af3f30115aae"
"md","SKILL","rds","rds/dm-relational/SKILL.md","17b0d5842c02634f8260c96c5723eb2b25299d4f10b680bdcf22b3f1bdae60be"
"md","SKILL","rds","rds/r-shiny/SKILL.md","ef9043b4fb4cfbdef196e7ae02736b6606123fb1c9175db6f96be72a8379394d"
"md","SKILL","rds","rds/r-plotly/SKILL.md","92f9bb3424c0c86beee78d5f17fdd848be207690743e9b1641bd2ea20fb66294"
"md","SKILL","rds","rds/torch-r/SKILL.md","027d272da95ca35e4c59e35ebdb918e9f2775093f919608ac155d4d51bde5069"
"md","SKILL","rds","rds/keras3/SKILL.md","b4e1dc936801def40376e1b228ac93dbe5b7e1d523fa18f923df9e4ccfc27fb1"
"md","SKILL","rds","rds/r-deeplearning/SKILL.md","dd595a39a2473d1ac45038665cb952c00f986628735efcd012e088d1ed520c43"
"md","SKILL","rds","rds/r-tensorflow/SKILL.md","5d1f7ab8ff4929443a08008d8d27bfe350fa2ae7070e46f0a8f6b9e066e303d7"
"md","SKILL","rds","rds/r-databricks-sparklyr/SKILL.md","3fb2288023fb9fd4cff2a1f15e0e016fa91f5fb9909fb705a11018f916c3a33d"
"md","SKILL","rds","rds/r-sparklyr-ml/SKILL.md","9f6de3cf92122cd05509862c91f861ee21867aeb02e14dc5604e6dacf4aa3f24"
"md","SKILL","rds","rds/r-bioacoustics/SKILL.md","a7cfa26940f3df2a2a58f9b219752ba8ee991b38b4d5f80429366533d263be39"
"md","SKILL","rds","rds/r-audio-multiclass/SKILL.md","4ceee9c8266d5b95ad663159907a58ff89cac10d52dd668e88f80fd6b739e476"
"md","SKILL","rds","rds/r-gargle/SKILL.md","25b55091eb80b51c1f07424a31846168c7fee8ff2b697327aaece30eaa0b5d86"
"md","SKILL","rds","rds/r-googleAuthR/SKILL.md","1076bc5d249c61756f496a3652dad952374a7341df4a44d576ed213f4fc9b2d8"
"md","SKILL","rds","rds/r-googledrive/SKILL.md","bef86861785407e7ec844e3edbf320aad4c292bff76a715eac57f3a996ec0402"
"md","SKILL","rds","rds/r-googlesheets4/SKILL.md","b9cb68ed28879bdeaf2fc39504515b9336f390d57bff8fe8972ef0a6edc82cc6"
"md","SKILL","rds","rds/learning-paradigms/SKILL.md","f2fbce8f189102c002ead732534dfa666ba9376965755d875cd569949bf8dd6e"
"md","spark-ml-foundations","rds","rds/r-sparklyr-ml/references/spark-ml-foundations.md","492dace6fdb946b7090e39f1a836c15b3ba679f75eb78f9f155a7ad37873bfbf"
"md","sparklyr-api","rds","rds/r-databricks-sparklyr/references/sparklyr-api.md","9fff7a569022285f70a23ba6523354bfa3574c566e748052cf8b9f668f1953e7"
"md","ssl-fsl-combination-pattern","rds","rds/learning-paradigms/examples/ssl-fsl-combination-pattern.md","d71d2034fb3573e260eb762b4da5e0c88eff1a27b018d6c1d3b6734a0214722b"
"md","statistical-modeling","rds","rds/r-datascience/references/statistical-modeling.md","a2e2e7b64e6931e9290456ece520798420cb39fffcba78c270faa452bb6e09a5"
"md","step-01-build-model","rds","rds/rds-setup/assets/rds/workflows/prototype-to-production/steps/step-01-build-model.md","743c5b69828e859838ae2bfc1478e85dd1a690cc52967c5497a76ceaf02e6058"
"md","step-01-define-metrics","rds","rds/rds-setup/assets/rds/workflows/model-monitoring/steps/step-01-define-metrics.md","5bc322467b1cf1c7ef2f134480aa47e8e5090b2419e0f49d83ac8a856c68b0cc"
"md","step-01-design-dashboard","rds","rds/rds-setup/assets/rds/workflows/build-dashboard/steps/step-01-design-dashboard.md","fe390efec85fdc97fcf73eebd91ec7361e0b3ac725f16aacd236e1f78e41ef26"
"md","step-01-feature-engineering","rds","rds/rds-setup/assets/rds/workflows/modeling-pipeline/steps/step-01-feature-engineering.md","8e89e3d15a1aba651625f75f61ebbfa0cc53150425156af3cdce1fb6639cc106"
"md","step-01-gather-inputs","rds","rds/rds-setup/assets/rds/workflows/technical-report/steps/step-01-gather-inputs.md","16047c3e9f8c0d1847b7409c912d819358c92e925702fae641bde26cb745d376"
"md","step-01-global-interpretation","rds","rds/rds-setup/assets/rds/workflows/model-interpretation/steps/step-01-global-interpretation.md","fe0ee35a27ea1f1569b8b9afd7132a21e518f15a6b6a4daaf94df47be0e35792"
"md","step-01-missing-analysis","rds","rds/rds-setup/assets/rds/workflows/data-quality-check/steps/step-01-missing-analysis.md","a87d83ad2f44b0e935a131b8cc6d90f1bef1eaacdd27042adf092a289979bf3f"
"md","step-01-prepare-artifacts","rds","rds/rds-setup/assets/rds/workflows/deploy-model/steps/step-01-prepare-artifacts.md","b64ea3020c79186d8d16d70d47a7f5ab803812024b65c164b8077af0c2065af6"
"md","step-01-quick-setup","rds","rds/rds-setup/assets/rds/workflows/quick-eda/steps/step-01-quick-setup.md","d80b2658a3e538e213cf67ba1c8cfbcf0a1aa702ca598287f257d6cfd843b0a7"
"md","step-01-search-space","rds","rds/rds-setup/assets/rds/workflows/hyperparameter-optimization/steps/step-01-search-space.md","ff8c8492a41c68f69d662cba6dd702d639011f4b67fc677440315cd6e3b6c953"
"md","step-01-setup","rds","rds/rds-setup/assets/rds/workflows/full-lifecycle/steps/step-01-setup.md","d60aabd8b3e1056a0b438f396778e5223d7ff62a7931884961212fce659f4773"
"md","step-02-baseline-models","rds","rds/rds-setup/assets/rds/workflows/modeling-pipeline/steps/step-02-baseline-models.md","b6f16e78ac6eae33c0c7743e211c104a8833a8edecaeb2fd04cdef1ead67f75b"
"md","step-02-bayesian-optimization","rds","rds/rds-setup/assets/rds/workflows/hyperparameter-optimization/steps/step-02-bayesian-optimization.md","8d70c7bac8d4bef34f80b570b48d014e6d79131e93a40e73e8d5f1f154128e9b"
"md","step-02-build-application","rds","rds/rds-setup/assets/rds/workflows/build-dashboard/steps/step-02-build-application.md","1370d4d09a5540531ff56758d156a5500448d34ad5dec70bd76c623ac4bcbb2b"
"md","step-02-configure-alerts","rds","rds/rds-setup/assets/rds/workflows/model-monitoring/steps/step-02-configure-alerts.md","a7cb05d65977589233dab75bc6cc0204ed0079fe1a9e1b6223e83c25e95bef31"
"md","step-02-create-api","rds","rds/rds-setup/assets/rds/workflows/deploy-model/steps/step-02-create-api.md","102c26c6bd01c24f183ed798978ff262c742fa3e5536cbd0bc099512492f8f32"
"md","step-02-import-data","rds","rds/rds-setup/assets/rds/workflows/quick-eda/steps/step-02-import-data.md","7370a8c7fee3d5e8be78756b8b77af858ad355cf2c044a32ba501d9e078b0832"
"md","step-02-import-inspect","rds","rds/rds-setup/assets/rds/workflows/full-lifecycle/steps/step-02-import-inspect.md","f284e2d99cc957f5406ade32d872af6fe61c09b464f993aa83505a9062293c61"
"md","step-02-local-interpretation","rds","rds/rds-setup/assets/rds/workflows/model-interpretation/steps/step-02-local-interpretation.md","d179cdcbee5423b03500fed9944d2240494d30fab6ac1507612c79141d8de29c"
"md","step-02-outlier-detection","rds","rds/rds-setup/assets/rds/workflows/data-quality-check/steps/step-02-outlier-detection.md","427db365197c5dc36f15b572f767b139d6879063d86a0a5cc3dfd3684424a888"
"md","step-02-structure-report","rds","rds/rds-setup/assets/rds/workflows/technical-report/steps/step-02-structure-report.md","118bef45c08a8fd958c3786e7046cf91982d54cacf4966b0d6fadbfdc6fe5d2f"
"md","step-02-tune","rds","rds/rds-setup/assets/rds/workflows/prototype-to-production/steps/step-02-tune.md","014b0d3ff1000c5189c7b552e5d39e5d8ed95d681452a3b1e07ec1eb04f6844d"
"md","step-03-build-dashboards","rds","rds/rds-setup/assets/rds/workflows/model-monitoring/steps/step-03-build-dashboards.md","8709c170548d114c49cba61cc3a7e09a4f23e58b487df51162203758d8026708"
"md","step-03-clean","rds","rds/rds-setup/assets/rds/workflows/full-lifecycle/steps/step-03-clean.md","3ac3fa3c761b435da810da21ba21d8481c384bb16a9e747e5ee7ba20f5b38d37"
"md","step-03-consistency-checks","rds","rds/rds-setup/assets/rds/workflows/data-quality-check/steps/step-03-consistency-checks.md","4ead20a0193b417345a81e30470dd63c6c40bfd975e1f6f6efb4c6aba11c10a9"
"md","step-03-containerize","rds","rds/rds-setup/assets/rds/workflows/deploy-model/steps/step-03-containerize.md","d05c992c5b7375cc46e0831cba76df82211515f6344bfe249425ed86443ba7a3"
"md","step-03-evaluate","rds","rds/rds-setup/assets/rds/workflows/prototype-to-production/steps/step-03-evaluate.md","89274e7f36351a8e102c21bde270fd6c7c59a7f5297df50b9cc172101864a7e5"
"md","step-03-feature-importance","rds","rds/rds-setup/assets/rds/workflows/model-interpretation/steps/step-03-feature-importance.md","dc2d6e106d469f61066c088c10586e04887883cce411aad46cf6e8b6f62c9c69"
"md","step-03-generate-report","rds","rds/rds-setup/assets/rds/workflows/technical-report/steps/step-03-generate-report.md","c471072775fb6b02c83d3c6f8c9042d53159a2521bbcd754ea19916be26be6c4"
"md","step-03-quick-clean","rds","rds/rds-setup/assets/rds/workflows/quick-eda/steps/step-03-quick-clean.md","3d42fb77703a79b1fb99e87b0592abf18d9ceb6348b652fcf78158c863a1c9e0"
"md","step-03-racing","rds","rds/rds-setup/assets/rds/workflows/hyperparameter-optimization/steps/step-03-racing.md","863ccf5e7b2c9fae1de316b056766d52af4b12487066c45d64c9c7cfb33cbb71"
"md","step-03-test-optimize","rds","rds/rds-setup/assets/rds/workflows/build-dashboard/steps/step-03-test-optimize.md","8aff526d67cd6edb34bd0ca2656d5fb6b1f94d0f92fe2e1235484044bace5f85"
"md","step-03-tuning","rds","rds/rds-setup/assets/rds/workflows/modeling-pipeline/steps/step-03-tuning.md","c69385f6b909c36c5eda9183b6d6a345747b79a72767c09eab7ecd9c3a7f10e3"
"md","step-04-communicate","rds","rds/rds-setup/assets/rds/workflows/prototype-to-production/steps/step-04-communicate.md","9b46c5882e3a27640dba06f86b4e5d93b6bba28b9ad749df7ec64ea4800214a1"
"md","step-04-deploy","rds","rds/rds-setup/assets/rds/workflows/build-dashboard/steps/step-04-deploy.md","dc1dc8e57d06af47a81ba3e545acbe77ea2f50b3aa76128f43599ee3f0cecaa1"
"md","step-04-deploy-verify","rds","rds/rds-setup/assets/rds/workflows/deploy-model/steps/step-04-deploy-verify.md","50f738d7bec11051c6e850ad6cbfd20c114c62c9bdece10db9158e97945e5839"
"md","step-04-documentation","rds","rds/rds-setup/assets/rds/workflows/model-interpretation/steps/step-04-documentation.md","5f0a3ff8d639ccf94fc09203d221c426451693cdb2fecf29f882945ac8e2c556"
"md","step-04-eda","rds","rds/rds-setup/assets/rds/workflows/full-lifecycle/steps/step-04-eda.md","bf89f20f5ad49dde7a54a34bfd82cae70a90cc7cfa87b7b9eedc2a84594a3a68"
"md","step-04-eda","rds","rds/rds-setup/assets/rds/workflows/quick-eda/steps/step-04-eda.md","499ab8ee7ea4576969a27981603b26f70c34cc1737f8d4a374f486be963aa0d5"
"md","step-04-ensemble","rds","rds/rds-setup/assets/rds/workflows/hyperparameter-optimization/steps/step-04-ensemble.md","94423cce72052abdcb377bd5449507647ee6de0c7fd2690e2581165330caaf34"
"md","step-04-establish-slos","rds","rds/rds-setup/assets/rds/workflows/model-monitoring/steps/step-04-establish-slos.md","d2d8e29120141352a41931cc4f09ef4b9550c8e16a150753d17722f008047f44"
"md","step-04-evaluation","rds","rds/rds-setup/assets/rds/workflows/modeling-pipeline/steps/step-04-evaluation.md","d027633c67ae2614f97db081e992a96402d0c849c2324c6c4f81654d56110099"
"md","step-04-remediation","rds","rds/rds-setup/assets/rds/workflows/data-quality-check/steps/step-04-remediation.md","7d5eff79eb6bac5db50ba2fdd182309964f0554b09dde6ebf41ccaa9eb37ad58"
"md","step-04-review-refine","rds","rds/rds-setup/assets/rds/workflows/technical-report/steps/step-04-review-refine.md","a3e1874d8075c20c28e218ac20939c502e454948deed6452387b854966259cc2"
"md","step-05-deploy","rds","rds/rds-setup/assets/rds/workflows/prototype-to-production/steps/step-05-deploy.md","d750c56c830dc42eb48eda5e8422cce8bceefaf828f31696327875c35ff26454"
"md","step-05-feature-engineering","rds","rds/rds-setup/assets/rds/workflows/full-lifecycle/steps/step-05-feature-engineering.md","61757825adda7ac664f8203ba887ac05bf772cabee0c13862300569ea4359a3c"
"md","step-06-modeling","rds","rds/rds-setup/assets/rds/workflows/full-lifecycle/steps/step-06-modeling.md","89acc590892d5202d797fa01352c35e6479845c277746fa0c4831e264da9d48b"
"md","step-07-tuning","rds","rds/rds-setup/assets/rds/workflows/full-lifecycle/steps/step-07-tuning.md","7fc94408d72f1d3e1c4f327aa32f4dd188f9d5214421a0e225ef3e192bb82f0f"
"md","step-08-evaluation","rds","rds/rds-setup/assets/rds/workflows/full-lifecycle/steps/step-08-evaluation.md","0926f127c760e9489ab0955880e791f17926bbf5955508e9c3a6258fbbcc0c9b"
"md","step-09-communication","rds","rds/rds-setup/assets/rds/workflows/full-lifecycle/steps/step-09-communication.md","ada50cae95fc4d0168f45bbbbdbc23d29ac55925a3f625059bca80ae57596268"
"md","step-10-deploy","rds","rds/rds-setup/assets/rds/workflows/full-lifecycle/steps/step-10-deploy.md","7c3513ba40420da5f444e2744c7696383ceb5b47faebfdba512aa3149feb49fd"
"md","stringr-reference","rds","rds/tidyverse-expert/references/stringr-reference.md","13fe05f73e8161b84ea8703f28d552156cf16008ff7f4cc79718f783d6aa352c"
"md","text-classification","rds","rds/r-text-mining/references/text-classification.md","7c6d0403eef6932d96a8286915cce4470a2057260da3e5b213d473c554eeaf3a"
"md","text-classification-lstm","rds","rds/torch-r/examples/text-classification-lstm.md","3a82e3477f9addfae13dc9262962ca627d2ee2fad84f48c4c4adf59a573f0057"
"md","text-preprocessing","rds","rds/r-text-mining/references/text-preprocessing.md","0a6a87618d2f0cf186bfe998eb63cc64883a4357722bd6b457a19a24352e0101"
"md","themes-styling","rds","rds/ggplot2/references/themes-styling.md","db6b0754a7f77f25874761cacd09e8eb735b2da0ef18c234312f8bf44c81f9b6"
"md","tidymodels-bridge","rds","rds/r-sparklyr-ml/references/tidymodels-bridge.md","e77874fd0165853e234541b3eb8e8d5b8c154ce0ab12d798fc145ae011a3a4f7"
"md","tidymodels-workflows","rds","rds/r-tidymodels/examples/tidymodels-workflows.md","029c6aea823ec5fe58e44a585efd1e045d42d0f1703e5165d526bb99468554fe"
"md","tidyr-reference","rds","rds/tidyverse-expert/references/tidyr-reference.md","dfd5655f987abee46a48656ad8bdc197d106d3586b41b52eef3209d2f1919b96"
"md","time-series","rds","rds/r-deeplearning/examples/time-series.md","cafdc2ded6cf6a5f6875eaf35998295d72ddae7cba14e2b02a7f8914b0c5edcc"
"md","topic-modeling","rds","rds/r-text-mining/references/topic-modeling.md","e4b9df3ae078a59b02ac18f12a58c987758fba8accb614425fd14790bf7281ac"
"md","torch-vs-keras-comparison","rds","rds/torch-r/references/torch-vs-keras-comparison.md","174f3bcdd4f14feac8f7b97cfc389ebecaf1feded595a32cee67e283b6896c4e"
"md","tuning-strategies","rds","rds/rds-setup/assets/rds/workflows/hyperparameter-optimization/data/tuning-strategies.md","f4b866a75feae5bffe1626e14fbfb947162c0e8a17144c7f1602c7617552d207"
"md","ui-patterns","rds","rds/r-shiny/references/ui-patterns.md","5318a7ac6ed57bd6fa10e77bba6814ef3eb62750b4236a545101cf539cb859c9"
"md","website-structure","rds","rds/quarto/examples/website-structure.md","e7b8793c096ae1a02ca89812c841c65bb22eb7b8cbe77e7e96c88548220f35bd"
"md","workflow","rds","rds/rds-setup/assets/rds/workflows/build-dashboard/workflow.md","299f2730ea59a909e7d4383e6f025fbbec4a757620fb8580ebc4d7fdeb950602"
"md","workflow","rds","rds/rds-setup/assets/rds/workflows/data-quality-check/workflow.md","2d0f5de81a65ade44e1f9bbd27f3a124a35285c908da724906cce6783680507e"
"md","workflow","rds","rds/rds-setup/assets/rds/workflows/deploy-model/workflow.md","330d6455b470f2595189922c234a4e54a249ccec2c936b78c4c4c9c4faa7b734"
"md","workflow","rds","rds/rds-setup/assets/rds/workflows/executive-report/workflow.md","989fc01ed7902830ba1fb46b13ba7d381dc4fee4fd86dbbb3d9d1709b9a6169f"
"md","workflow","rds","rds/rds-setup/assets/rds/workflows/full-lifecycle/workflow.md","225cd9dd4104acf5b3099f6c3269494501e097e96ff12a92fc5c5eac894eaf31"
"md","workflow","rds","rds/rds-setup/assets/rds/workflows/hyperparameter-optimization/workflow.md","fc40265f144ba077d5c7e523fbf392c5212801bf4e5fda9725e985828c0da774"
"md","workflow","rds","rds/rds-setup/assets/rds/workflows/model-interpretation/workflow.md","5fbfa39e6623a7677a21c3f62d5492d0a692447e774cd3188e9d271db944a868"
"md","workflow","rds","rds/rds-setup/assets/rds/workflows/model-monitoring/workflow.md","edb980a9405e17aa9056d322cb400969bda9b7d65644ab01ea29e4a5f064e873"
"md","workflow","rds","rds/rds-setup/assets/rds/workflows/modeling-pipeline/workflow.md","a74931f723c9642c8656f4d589876ce82292d7834764227f049869b41d0e0e75"
"md","workflow","rds","rds/rds-setup/assets/rds/workflows/presentation-generation/workflow.md","2372ea88f9c541fd2b29557c0481b482678e5c0dd60f63ddc96917000b98b7fd"
"md","workflow","rds","rds/rds-setup/assets/rds/workflows/prototype-to-production/workflow.md","16ad7229368329e50e58175e623d9447cf73ffaf02b9263e60063d2a4385562d"
"md","workflow","rds","rds/rds-setup/assets/rds/workflows/quick-eda/workflow.md","4071b4b0a5dc1eec4574c5c9019ff7a93c7cbd1fd8e55a7f5f7f7ae6e623d5cc"
"md","workflow","rds","rds/rds-setup/assets/rds/workflows/technical-report/workflow.md","9e355e706c125eadab56c489e738c8ec13fd13b1a872920c36917d072a8dae87"
"md","workflow-examples","rds","rds/tidyverse-expert/examples/workflow-examples.md","e15c618a6b02caf7a79dbae0531952ee593ef6d170284d53941ee3d5295f5b4c"
"md","yaml-options","rds","rds/quarto/references/yaml-options.md","79b7020f43e120e674d7ac1cef97d3f344f83001a7127871dbb831d16f33e3b7"
"py","cleanup-legacy","rds","rds/rds-setup/scripts/cleanup-legacy.py","dd7ed76e40d042c7234a4a5091fb5e2dec4533a1a59f86cd47be5345fe7cc752"
"py","merge-config","rds","rds/rds-setup/scripts/merge-config.py","fcc3687bf6628279d4c035e29d2dc192163314aa217c425d905a5becc63b02c2"
"py","merge-help-csv","rds","rds/rds-setup/scripts/merge-help-csv.py","a222fd5b9856fa2cca0d345f08fa1a50d7313f9c6bc97c6c3bd6fbf6a502a71a"
"qmd","complete-report","rds","rds/quarto/examples/complete-report.qmd","724301232fd3bcf9b2d4e6a664902622898ccc1f93770378f90f9ba4aa9c9e28"
"qmd","dashboard-example","rds","rds/quarto/examples/dashboard-example.qmd","61637c4e02c2110ffb113ba16c0c597b1be9f20c629de29b90c36d81e4639c6a"
"qmd","dashboard-template","rds","rds/quarto/templates/dashboard-template.qmd","dc325a3898e66a7299f5ddbe20757e2b067fd877490c24782135426b593d139d"
"qmd","presentation-example","rds","rds/quarto/examples/presentation-example.qmd","7de54ac398a81fc1cede1221bd5c2b7d0d6c5ccba63d9257098fabca8a1726be"
"qmd","presentation-template","rds","rds/quarto/templates/presentation-template.qmd","2cc23ce9ffa603d99f1bc9609cf8c23a5752499a44116f7fa68af4961d449a80"
"qmd","report-template","rds","rds/quarto/templates/report-template.qmd","c946ee6d8bb9a5688ad7218c76307519734d9f1351176f92417b7d5c2e57f45f"
"r","audio-dataset.R","rds","rds/r-deeplearning/templates/audio-dataset.R","2b3ade8389b542b0681652bd96a8873e63cd48369a5f53ceefd9a47e969abad4"
"r","audio-preprocessing-pipeline.R","rds","rds/r-audio-multiclass/templates/audio-preprocessing-pipeline.R","a93edf6ead6f4f88acfeed37a29d8abc1e28d1619d49d28ed97c314509c1da16"
"r","basic-app.R","rds","rds/r-shiny/templates/basic-app.R","faff3e6204b33ceaba0df6c582482031f54927d3b3ce38b7c3d24f7a8bb3b99f"
"r","basic-model-template.R","rds","rds/torch-r/templates/basic-model-template.R","3456a4bd88443cf3cb19b214f091fd73886cbc7d40aab713836c9afed4c61488"
"r","custom-training-loop.R","rds","rds/keras3/templates/custom-training-loop.R","b082d7f0241ee270eb9af0913cdb94b155a22b9d06f8f60c657ad0b283346a70"
"r","detection.R","rds","rds/r-bioacoustics/templates/detection.R","393ab7a5dd6ae724832362398823ccd97238a58b4b4090ad9386b4ed54a6b1b3"
"r","feature-extraction.R","rds","rds/r-bioacoustics/templates/feature-extraction.R","c5b099a6f58393ba49af4a8e29f3d5ed3e569c9efaff761328abd53b40f79a66"
"r","module-template.R","rds","rds/r-shiny/templates/module-template.R","a73bb3ff739330be8c5fd1a10770aea72688e2765f16671fe7f67359a65f467d"
"r","multilabel-training-loop.R","rds","rds/r-audio-multiclass/templates/multilabel-training-loop.R","5f2f185213840d154a0c04573dfba56fe67dbd1a32131e3cf11d4d82e26a7692"
"r","preprocessing.R","rds","rds/r-bioacoustics/templates/preprocessing.R","a72bc1153597eb1d1bed3bc6e14b79c768c33fed4c03c58a91b192350fbf16bf"
"r","simple-classifier.R","rds","rds/keras3/templates/simple-classifier.R","ab4915bb2cc4314cbd76fe4836806af800ee0ce8ce2e3e0b147e30706517b1fb"
"r","training-recipes.R","rds","rds/r-deeplearning/templates/training-recipes.R","e01b7a4772a1571fc217110105fdcd9bba338ea0d05384d358bf6b08a712b97c"
"toml","customize","rds","rds/ada/customize.toml","1eafc546f30adf319488032b76cf0a423f2929af9380f061b0b3185587ce8977"
"toml","customize","rds","rds/grace/customize.toml","8f992d8fafe46ec721f5088a7ce04c91ab1bb197c7c055adcae554e9fb9f33e7"
"toml","customize","rds","rds/alan/customize.toml","ac378b00a5976e1caee746be0d3d5d2c409638e430f019f9bb3bae9efbcd3910"
"toml","customize","rds","rds/marie/customize.toml","66105cad509f36f2d7ffff4b9f7d5e585f2acaace9a15d6aef6324f2b9fc63d3"
"yaml","config","rds","rds/config.yaml","50e0de82189fdf7440f57935e2622901b477c852e7c0459ef4e4e2435aa5ec8a"
"yaml","module","rds","rds/rds-setup/assets/module.yaml","cdb07940de7c91609446126c97bf747f4f465db405ab7cf0d7f7070f40775499"
"yml","book-quarto","rds","rds/quarto/templates/book-quarto.yml","23b6d9dbb7d85f505cc1c27258c2f92f07948e3ff644ba434d4fc2c144d21f4a"
"yml","website-quarto","rds","rds/quarto/templates/website-quarto.yml","d878579614011d148c27ebd8d1ebf4355c3ac46cff8ef02734d15d2cd1eda8ac"
"file",".gitignore","render","render/.gitignore","240a3e0d37d2e86b614063f5347eb02d4f99ca6c254de6b82871ff8d95532a7d"
"py","config_utils","scripts","scripts/config_utils.py","48afe2bc18a29201e343cce3703be1e70df9c83ee74eeb68e57ef8ef42e8c651"
"py","memlog","scripts","scripts/memlog.py","3b00f82ca33dc4227f715123b939514ee35c4f9c71150c894c3d8185df1b48df"
"py","render_skill","scripts","scripts/render_skill.py","8496d0d8b449d64c21b42a9aab3b13fc8a813a430c0695ffd84ad75bb1da7942"
"py","resolve_config","scripts","scripts/resolve_config.py","fc78866fd42862d486d4346d2b35705f916a19e6c07bb474f8add25c71734a8e"
"py","resolve_customization","scripts","scripts/resolve_customization.py","9b5124e0b781823a015a19d6cf5db52bbc34b6bab41c036fd1b3d464c2a137cd"
